id,status,due_time,detail.name,detail.intro,detail.main_tasks,detail.requirements,detail.preferred_points,detail.benefits,detail.hire_rounds,category_tags.parent_tag.id,category_tags.parent_tag.title,category_tags.child_tags,skill_tags,company.id,company.name,company.link,company.registration_number,company.logo_img.origin,company.logo_img.thumb,company.logo_img.is_title,company.description,company.company_tags,reward.country,reward.total,reward.recommender,reward.recommendee,address.id,address.country,address.country_code,address.location,address.full_location,address.geo_location.bounds,address.geo_location.location.lat,address.geo_location.location.lng,address.geo_location.location_type,address.geo_location.viewport.northeast.lat,address.geo_location.viewport.northeast.lng,address.geo_location.viewport.southwest.lat,address.geo_location.viewport.southwest.lng,images,annual_from,annual_to,url,address.geo_location.bounds.northeast.lat,address.geo_location.bounds.northeast.lng,address.geo_location.bounds.southwest.lat,address.geo_location.bounds.southwest.lng,address.geo_location,category_tags
374735,active,,재무 담당자,"We focus on WHY
That's our TONE
데이터를 기반으로 브랜드의 방향을 제시하고,소비자에 집중하며 브랜드의 성장을 만들어갑니다.
초고속으로 성장하는 회사로 새로운 동행을 함께하실 분들의 지원을 기다립니다.

[Our Value & Vision]
이커머스 기반의 브랜드 빌더 컴퍼니로서, 디지털 환경속에서 소비자들이 브랜드를 마주하고 경험할 수 있는 기반을 만들면서 성과를 만들어가고 있습니다.

우리는 언제나 왜 WHY에 집중합니다.
디지털 트렌드와 방법론은 끊임없이 바뀌지만, 제품, 브랜드, 소비자의 본질은 쉽게 변하지 않기 때문입니다.
본질에 대한 고민을 통해 새로운 방향을 도출하며, 정답을 찾습니다.
이것이 Y-TONER들이 문제를 해결하는 방식입니다.

[About Y-TONE]
국내의 Beauty / Health / Fashion 카테고리를 중심으로 국내와 아시아 시장에서의 브랜딩과 퍼포먼스 확보를 위한 디지털 커뮤니케이션 전략 기획 및 운영을 하는 글로벌 디지털 커뮤니케이션 회사입니다.
매년 폭발적인 성장을 거듭하고 있으며 현재는 디지털 커뮤니케이션을 넘어 국내외 이커머스 유통까지도 신규 사업으로 펼쳐가고 있습니다.

우리는 끊임없이 성장 중입니다
창업 이후 매년 연평균 +50% 이상 지속적인 성장을 만들어가고 있습니다.
+100개 넘는 브랜드와의 협업의 경험을 보유하고 있습니다. 국내 및 글로벌 이커머스 성장은 와이톤과 함께 해주세요
• 매년 연평균 50%이상 성장 달성
• 100개 넘는 브랜드의 성과를 확대하고 있습니다
• 국내 뿐만 아니라 글로벌 이커머스 성장도 함께 만들어가고 있습니다","[세무/관리회계]
• 월/분기/기말 기장, 전표 입력 및 결산
• 회사 월 손익 마감 진행 및 협업 부서 손익 상태 점검
• 매출 및 매입관리, 세금계산서 발행 및 증빙 처리
• 자금 관리(입출금 관리, 자금집행, 외화 관리 등)
• 법인 통장 입출금 및 법인 카드 사용 내역 관리
• 법인세, 부가가치세, 원천세 신고 및 납부

[재무]
• 현금흐름 관리 및 자금일보 작성을 통한 자금 운용 계획 수립
• 국내 사업부 경영 실적 파악을 위한 재무 지표자료 작성 및 경영진 보고
• 해외법인 자금흐름 관리 및 재무지표 관리
• 해외 세무 대리인 소통을 통한 업무 관리 
• 재무 운영 프로세스 정리 및 개선","• 관련 경력 3년 이상 5년 이하
• MS 오피스 및 컴퓨터 활용 능력 우수자
• 재무데이터 단순 취합에서 나아가 숫자 이면의 의미를 파악하고 인사이트를 도출(가공)할 수 있는 분
• 회사 내 손익 관리 경험자 
• 대내외 커뮤니케이션 및 협업에 능숙하신 분","• 유관 회사 근무 경험이 있으신 분
• 위하고, 더존 사용 경험이 있으신 분
• 관련 자격증 보유하신 분
• 회계법인, 세무사 사무실 근무 경험이 있는 분
• 급성장하는 스타트업에서 체계를 만들며 업무를 해보신 분
• Notion, Google Workspace 업무협업툴 사용이 익숙하신 분
• AI 툴 활용이 능숙하신 분","[Y-TONER 인재상]
와이톤은 WHY를 고민하며 Awake/ Hustle / Respect에 맞춰 성장하는 인재를 육성하고, 성장하는 와이토너에게 매월 / 매년 성과를 보상하고 권한을 부여합니다.
• Awake: 세상이 변화함에 있어 항상 깨어있는 인재
• Hustle: 목표를 달성하기 위해 꾸준한 노력과 자세를 가진 인재
• Respect: 개인과 동료, 조직을 모두 존중할 줄 아는 인재

[Y-toner Benefit]
와이톤이 성장하기 위해서는 와이토너의 성장이 가장 중요하다고 생각합니다.
조직원의 성장과 열정을 더할 수 있는 환경과 인프라를 제공합니다.
자율과 책임하에 서로 좋은 영향을 주는 와이토너, 서로 배려하는 분위기와 성장기회는 와이톤의 가장 큰 장점이라고 할 수 있습니다.

• 업무 효율을 위한 AI 소프트웨어 지원
• 원하는 곳에서 일하는 격주 재택근무DAY
• 자유롭게 활용가능한 팀업 활동비 지원
• 성장하는 와이토너에 대한 성과 보상
• 미리 공유하고 사유를 적지 않는 연차사용
• 업무에 필요한 교육과 도서 지원
• 야근시 식대 및 택시비 제공
• 전직원 노트북 및 모니터 제공
• 경조사 경조화환 및 경조금 지원
• 설날,추석 명절 선물 지급","• 서류 전형 ＞ 임원 면접 ＞ 최종 합격 (** 최종 합격 시 수습기간 존재)
• 면접일정은 추후 통보됩니다.
• 이력서, 포트폴리오, 경력기술서 첨부",508,금융,"[{""id"": 534, ""title"": ""회계담당""}, {""id"": 1048, ""title"": ""재무 담당자""}]",[],13751,와이톤,www.y-tone.co.kr,5748101528,https://static.wanted.co.kr/images/wdes/0_5.9cd8b626.jpg,https://static.wanted.co.kr/images/wdes/0_4.9cd8b626.jpg,False,"와이톤은 데이터를 기반으로 브랜드의 방향을 제시하고 이커머스를 중심으로한 브랜드의 성장을 만들어가는 이커머스 빌더 컴퍼니 입니다. 
이커머스의 성과 확대를 위한 컨텐츠, 광고, 프로모션 운영 및 기획을 데이터와 테크를 활용하여 운영함으로써 클라이언트와 함께 성장하고 있습니다. 

와이톤은 창업 7년차로써 매년 연평균 50% 이상의 지속적인 성장을 확보하고 있습니다. 
이커머스 빌더 컴퍼니로써 국내 뿐만 아니라 중국을 중심으로 한 글로벌 이커머스 마케팅도 함께 운영하고 있습니다. 

와이톤은 국내 메타 - 구글의 파트너사이자 올리브영 공식 마케팅 협력사 입니다. 
국내를 넘어서 글로벌 이커머스 마케팅도 타오바오그룹의 공식 파트너사로써 국내 브랜드의 중국 시장 내 성장을 책임지고 있습니다. 

와이톤은 AWAKE, HUSTLE, RESPECT라는 가치 속에서 회사의 성장 뿐만 아니라 와이토너의 성장도 함께 만들어가고 있습니다. 
성장을 이끄는 회사 와이톤 입니다.","[{""id"": 9944, ""title"": ""교육""}, {""id"": 9948, ""title"": ""보상""}, {""id"": 10028, ""title"": ""50명이하""}, {""id"": 10034, ""title"": ""설립4~9년""}, {""id"": 10036, ""title"": ""퇴사율5%이하""}]",KR,"￦1,000,000","￦500,000","￦500,000",14271,한국,kr,서울,서울시 강남구 선릉로 131길 9 하나빌딩 3층,,37.5174402,127.0400548,ROOFTOP,37.51878918029149,127.0414037802915,37.51609121970849,127.0387058197085,"[{""origin"": ""https://static.wanted.co.kr/images/company/13751/6yfvqcxvsxinyynh__1080_790.jpg"", ""thumb"": ""https://static.wanted.co.kr/images/company/13751/6yfvqcxvsxinyynh__400_400.jpg"", ""is_title"": true}, {""origin"": ""https://static.wanted.co.kr/images/company/13751/xfesbwyqe84l4e8o__1080_790.jpg"", ""thumb"": ""https://static.wanted.co.kr/images/company/13751/xfesbwyqe84l4e8o__400_400.jpg"", ""is_title"": false}, {""origin"": ""https://static.wanted.co.kr/images/company/13751/bwcx2g1lwqwcd6kz__1080_790.jpg"", ""thumb"": ""https://static.wanted.co.kr/images/company/13751/bwcx2g1lwqwcd6kz__400_400.jpg"", ""is_title"": false}, {""origin"": ""https://static.wanted.co.kr/images/company/13751/wlj83qexi54wigfx__1080_790.jpg"", ""thumb"": ""https://static.wanted.co.kr/images/company/13751/wlj83qexi54wigfx__400_400.jpg"", ""is_title"": false}, {""origin"": ""https://static.wanted.co.kr/images/company/13751/fp1sfoiqgbolmwya__1080_790.jpg"", ""thumb"": ""https://static.wanted.co.kr/images/company/13751/fp1sfoiqgbolmwya__400_400.jpg"", ""is_title"": false}, {""origin"": ""https://static.wanted.co.kr/images/company/13751/sdif7p5yuwchm6a2__1080_790.jpg"", ""thumb"": ""https://static.wanted.co.kr/images/company/13751/sdif7p5yuwchm6a2__400_400.jpg"", ""is_title"": false}]",3,5,https://www.wanted.co.kr/wd/374735?client_id=x7eN3AyKUtFUcR2WIUFbWYfS,,,,,,
374288,active,,유튜브 영상 PD (편집),"퍼플 랜드스케이프는 기획부터 촬영, 편집까지 풀스택 시스템을 갖춘 콘텐츠 제작사입니다.
트렌디한 감각과 독창적인 시각으로 브랜드의 가치를 극대화하는 다양한 프로젝트를 수행하고 있습니다.

퍼플랜드스케이프의 비전을 넓히기 위해, 뛰어난 역량을 지니신 유튜브 영상 편집 PD를 찾고 있습니다.","/ 콘텐츠 기획 및 아이디어 발굴
/ 촬영 전 제작 준비(대본, 콘티 등) 및 일정 관리
/ 촬영 현장 운영 보조
/ 영상 편집 및 색보정, 자막, 사운드 등 후반 작업 총괄
/ 그 외 콘텐츠 제작 전반에 필요한 업무 지원","/ 학력 무관
/ 콘텐츠 제작 전반에 대한 높은 이해도를 갖추신 분
/ 기획부터 촬영·편집·납품까지 콘텐츠 제작 프로세스를 전반적으로 수행하실 수 있는 분
/ 원활한 커뮤니케이션 및 협업이 가능하신 분
/ 해외 출장에 결격 사유가 없으신 분","/ 콘텐츠 제작 실무 경력을 보유하신 분
/ 포토샵, 일러스트레이터, 프리미어 프로, 애프터이펙트를 능숙하게 다루시는 분
/ 2D, 3D 모션그래픽 디자인 가능자
/ Midjourney, Runway 등 AI 툴을 활용한 콘텐츠 제작 경험이 있으신 분
/ K-POP 및 서브컬쳐(팬덤, 웹툰, 게임 등)에 대한 높은 관심과 이해가 있으신 분
/ 최신 트렌드와 밈에 민감하게 반응하고 빠르게 콘텐츠에 녹여내실 수 있는 분
/ 소규모 팀에서 주도적으로 업무를 이끌어가는 것에 익숙하신 분
/ 미디어·콘텐츠 업계 특유의 빠른 의사결정 및 협업 방식을 이해하고 계신 분","/ 중식 제공
/ 유연 근무제 (오전 8시 ~ 11시 출근)
/ 성과 인센티브","서류 -＞ 1차 면접 -＞ 최종 합격 -＞ 오퍼레터

/포트폴리오 제출 필수
/희망 연봉을 기재해주세요",524,미디어,"[{""id"": 723, ""title"": ""영상 편집가""}]",[],53252,퍼플랜드스케이프,www.purplelandscape.xyz,4628603631,https://static.wanted.co.kr/images/wdes/0_5.aab289e8.png,https://static.wanted.co.kr/images/wdes/0_4.aab289e8.png,False,"퍼플랜드스케이프는, 트렌디한 감각과 독창적인 시각으로
브랜드의 가치를 극대화하는 종합 영상 프로덕션입니다.
우리는 단순한 영상 제작을 넘어, 당신의 브랜드에 생명력을 불어넣는 파트너입니다.
최신 트렌드를 분석하고, 창의적인 아이디어를 통해 당신의 비전을 뛰어넘는 영상을 선사합니다.","[{""id"": 9986, ""title"": ""유연근무""}, {""id"": 9989, ""title"": ""스타트업""}]",KR,"￦1,000,000","￦500,000","￦500,000",69538,한국,kr,경기,"경기 수원시 영통구 창룡대로256번길 77, 406호",,37.2960998,127.0410359,ROOFTOP,37.2974487802915,127.0423848802915,37.2947508197085,127.0396869197085,"[{""origin"": ""https://static.wanted.co.kr/images/company/53252/sqhuqvda11zz1x7g__1080_790.png"", ""thumb"": ""https://static.wanted.co.kr/images/company/53252/sqhuqvda11zz1x7g__400_400.png"", ""is_title"": true}]",0,3,https://www.wanted.co.kr/wd/374288?client_id=x7eN3AyKUtFUcR2WIUFbWYfS,,,,,,
374736,active,2026-07-31,[빼기] ASIA NO.1 환경플랫폼 Server/Infra Engineer,"[기업 소개 / About the Company]
• ""같다""는 아시아1위 대표 환경자원 데이터 플랫폼 ‘빼기’를 운영하는 스타트업 입니다.
(1) 폐기물 배출  수거  처리  정산 전 과정을 디지털로 통합
(2) 전국 지자체, 민간 파트너, 시민이 동시에 사용하는 유일한 공공형 플랫폼

• ""같다""가 운영중인 빼기 플랫폼은 현재까지 아래와 같은 성과를 기록하고 있습니다.
(1) 가입자 230만 명, 누적 신청 360만 건(글로벌6위, 아시아1위)
(2) 6백만 건 이상의 환경자원 데이터 확보
(3) MAU 30만 명 이상
(4) 전국 243개 지자체 중 80개 지자체와 협약 체결
(5) 국내 시장 점유율 50% 이상 확보

• ""같다"" 한국 환경산업의 구조 자체를 바꾸고 있는 핵심 디지털 전환 기업 입니다.
(1) 과거 수기·유선으로 처리되던 폐기물 행정을 전면 전환
(2) 서울시, 성남시 등과 함께 실제 행정 프로세스 혁신 사례 확보
(3) 조선일보·한겨레21·중앙일보·환경부 정책자료 등 다수 매체 보도

• ""같다""는 빼기 플랫폼 런칭 3년 만에 다음과 같은 압도적 성장 지표를 달성했습니다.
(1) 가입자 25배 성장
(2) 서비스 매출 27배 성장
(3) 매출이익 50배 성장
(4) 2025 아기유니콘기업 선정
(5) 브릿지 투자 진행 중

• ""같다""는 현재 아래 6가지 미래 전략사업을 본격 추진 중입니다.
(1) 폐기물 운송통합 시스템(FMS)
(2) B2B 환경자원 Feedstock 거래 플랫폼
(3) 친환경 소비자 리워드 및 환경보상 사업
(4) 폐자원 기반 배출권 및 포인트 사업
(5) 고물상·재활용시설 인수 및 디지털 전환
(6) 동남아·중동 등 글로벌 진출 사업

• ""같다""는 환경산업을 기술산업으로 바꿔낸 유일한 국내 기업입니다.
(1) 자원 흐름 데이터를 독점 보유
(2) 공공정책(B2G) + 소비자 서비스(B2C)를 연결한 하이브리드 구조
(3) 실제 정책 설계 및 자금 흐름까지 데이터로 통합한 국가급 인프라 플랫폼

""같다""는 이를 주도할 한국형 환경자원 플랫폼의 글로벌 수출 모델을 구축하고 있습니다.
전 세계적으로 약 3300조 원 규모로 확대되는 환경자원 시장에서, 빼기는 그 구조와 데이터를 독점적으로 보유한 플랫폼 기업입니다.
지금 ""같다""는 한국을 넘어 글로벌 No.1 환경자원 플랫폼으로 함께 성장할 인재를 기다립니다.

###

[직무 소개 / Role Overview]
""AWS 아키텍처를 재설계하여 비용·성능·안정성의 3가지 축을 동시에 최적화할 인프라 리더를 찾습니다.""
현행 AWS 인프라를 유지하면서도, 아키텍처 재설계를 통해 비용을 구조적으로 절감하고 성능과 안정성을 한 단계 끌어올리는 것입니다. 단순히 리소스를 관리하는 관리자가 아니라, AWS를 '최적화'하고 '표준화'하며 '자동화'하는 아키텍트 역할입니다.
이 포지션은 DevOps 문화 전파의 구심점이 됩니다. CI/CD, IaC, 모니터링, 장애 대응 체계까지, 개발팀 전체의 생산성을 끌어올리는 플랫폼을 직접 설계하고 구축하실 분을 찾습니다.
우리는 기계적으로 인프라를 유지보수하는 오퍼레이터가 아닌, 기술적 난제 앞에서 '끝내 해결책을 찾아내는' 집요한 프로페셔널을 기다립니다.

###

[커리어 비전 / Career Vision & Growth Path]
1. 'Founding Infra Lead'로서의 희귀한 경험
• 230만 가입자·실시간 트래픽 환경에서, AWS 아키텍처 진단  재설계  비용 최적화  자동화까지 처음부터 끝까지 주도
• 인프라 전담 인력이 없는 상태에서 합류하여, 인프라 표준·문화·문서 체계를 직접 정립하는 권한
2. 경영 임팩트를 직접 만드는 'FinOps Leader'
• 인프라 비용 절감은 스타트업의 Runway에 직접적 영향을 미치는 경영 지표
• 단순 엔지니어가 아닌, 경영진과 함께 기술 투자 의사결정에 참여하는 역할
3. 명확한 승진 트랙
• 성과에 따라 Head of Platform, VP of Infrastructure, 또는 CTO로 성장 가능
• C-Level 합류·승진 시 스톡옵션 부여","1. AWS 인프라 아키텍처 재설계 (핵심 업무)
• 현행 AWS 환경의 구조적 진단 및 재설계 로드맵 수립
• EC2, RDS, EBS, S3 등 핵심 리소스의 실사용량 분석 기반 Right-sizing
• 네트워크(VPC, Subnet, NAT Gateway) 및 IAM 권한 체계 재설계
• 오토스케일링 정책 재정비 및 고가용성(HA) 아키텍처 설계

2. AWS 비용 최적화 — FinOps (핵심 업무)
• Reserved Instance / Savings Plan 설계 및 전략적 적용
• Cost Explorer / Budget / Tagging 전략 기반 비용 가시성 체계 구축
• 부서·서비스별 비용 구조 분석 및 월간 절감 목표 수립·달성
• 불필요·중복 리소스 식별 및 제거, 데이터 라이프사이클 정책 수립

3. DevOps 파이프라인 구축
• CI/CD 고도화 — 기존 GitHub / TeamCity 기반 파이프라인 개선
• IaC(Infrastructure as Code) 도입 — Terraform 또는 CloudFormation 기반 인프라 코드화
• Docker 컨테이너 기반 배포 전략 재설계 (ECS 또는 EKS 도입 검토)
• 무중단 배포(Blue-Green, Canary) 전략 수립

4. 모니터링 및 장애 대응 체계 구축
• CloudWatch / CloudTrail 기반 통합 모니터링 대시보드 구축
• 알람·장애 감지 자동화 및 SLA 기반 장애 대응 프로세스 수립
• 로그 집계(Log Aggregation) 파이프라인 설계 (CloudWatch Logs, OpenSearch 등)
• 장애 발생 시 근본 원인 분석(RCA) 및 재발 방지 체계 운영

5. 보안 및 거버넌스 강화
• IAM 권한 최소화 원칙 적용 및 권한 체계 재설계
• VPC / Security Group / WAF 재검토 및 보안 수준 상향
• 개인정보 보호 및 공공 서비스 컴플라이언스 관점의 인프라 보안 강화
• AWS SecurityHub, GuardDuty 등 보안 서비스 도입 검토

6. 백엔드 개발 조직과의 협업 지원
• Lead Backend Engineer와 긴밀히 협업하여 애플리케이션-인프라 간 최적화 지점 공동 도출
• DB 성능 튜닝(RDS 파라미터, ElastiCache 전략 등) 관련 기술 협업
• 개발팀 전체의 생산성을 높이는 플랫폼·도구 제공
• 백엔드 개발 업무 자체에 대한 이해를 기반으로, 인프라 관점에서 개발 생산성을 극대화

7. 내·외부 기술 협업 및 문서화
• 외부 협력사(AWS, SI, 클라우드 벤더 등)와의 기술 협업 주도
• 필요 시 외주 파트너를 활용한 인프라 작업 기획 및 품질 관리
• 정부지원사업·공공 프로젝트에 필요한 인프라 기술 문서(아키텍처 다이어그램, 시스템 Specification) 작성

###

[현재 사용중인 기술스텍]
새로운 합류를 통해 더 나은 기술 스택으로 변화할 준비가 되어 있습니다
• Cloud : AWS (EC2, RDS, S3, CloudFront, ElastiCache, CloudWatch 등)
• Containerization : Docker (ECS/EKS 도입 검토 중)
• CI/CD : GitHub, TeamCity, PM2
• Architecture : Spring Cloud 기반 MSA (진행 중)
• Back-end : Java/Spring, Node.js/Nest.js
• DB : PostgreSQL, Redis, MongoDB","• 총 5년 이상의 인프라 / DevOps / SRE 경력
• AWS 프로덕션 환경에서 인프라를 직접 설계·운영한 실전 경험 (EC2, RDS, VPC, IAM, • CloudWatch 등 핵심 서비스에 대한 깊은 이해)
• AWS 비용 최적화 실전 경험 — Reserved Instance / Savings Plan 설계, Cost Explorer 기반 비용 구조 분석 경험
• Docker 기반 컨테이너 운영 경험
• CI/CD 파이프라인 구축·운영 경험 (GitHub Actions, Jenkins, TeamCity, ArgoCD 등)
• IaC 도구 활용 경험 (Terraform 또는 AWS CloudFormation)
• 하나 이상의 프로그래밍 언어 능숙 (Python, Go, Node.js, Shell Script 등)
• 장애 발생 시 근본 원인을 파악하고 재발 방지 대책을 수립해 본 경험
• ""왜?""라는 질문을 던지며, 비효율적인 인프라 구조를 개선하려는 의지","• AWS FinOps 실전 성과 경험 — 인프라 비용의 구조적 절감을 수치화된 성과로 증명할 수 있는 경험 (예: 월 AWS 비용 OO% 절감 등)
• Kubernetes(EKS) 기반 서비스 운영 경험
• 대규모 트래픽(월 MAU 수십만 이상) 인프라 설계·운영 경험
• 초기 스타트업에서 Infra Tech Lead 또는 SRE Lead로 팀을 이끌어 본 경험
• SRE 관점의 시스템 엔지니어링 — Observability, SLO/SLI 기반 운영 경험
• RDBMS / NoSQL(PostgreSQL, Redis, MongoDB)의 인프라 관점 성능 튜닝 경험
• 국내 클라우드(NHN Cloud, Naver Cloud, KT Cloud) 이해 — 향후 중장기 확장 가능성 대비
• 정부지원사업·공공 프로젝트 관련 인프라 기술 문서 작성 경험
• 백엔드 개발 기본기를 갖추어, 백엔드 리드와 생산적으로 협업할 수 있는 분
• 보안·개인정보보호 관점의 인프라 거버넌스 경험","[기업문화]
• 회사의 운영과 정보는 누구에게나 공평하게 제공합니다
• 직급이 없는 수평문화를 추구하고 누구나 영어닉네임을 사용합니다
• 팀원에게 늘 최고의 보상과 최고의 감동을 드려야 한다고 생각합니다
• 스스로 일을 찾을 수 있는 인재가 회사를 성장시키고 개인도 성장한다고 믿습니다

[인재상]
• 무엇보다 좋은 성향과 품성을 보유하신 분
• 스타트업을 이해하고 그 안에서 자신의 업무를 찾아가는 분
• 자신의 일을 사랑하는 만큼 일을 책임지고 마무리 지을 수 있는 분

[주요복지]
• 폐기물 수거서비스를 비용에 상관없이 무료로 이용할 수 있습니다
• 업무와 관련한 도서를 원할 때 얼마든지 구매할 수 있습니다
• 스터디/교육에 대해 금액과 상관없이 지원하고 있습니다
• 업무성과에 따라 주식매수선택권(스톡옵션)제공됩니다
• 시차 출근제도를 운영합니다 (08:00 ~ 10:00)
• 365일 마음껏 제공되는 커피와 무료 간식이 비치되어 있습니다
• 생일자에게는 특별휴가가 지원됩니다
• 260만원의 직무보상금이 제공됩니다 (특허출원/등록 지원비)
• 입사 0년차 부터 100만원 상당의 건강검진을 받을 수 있습니다
• C-Level 로의 합류 또는 승진 시 스톡옵션이 부여됩니다","• 서류전형
• 실무 1차 인터뷰
• 대표이사 2차 인터뷰(상황에 따라 1,2차 인터뷰 통합 진행)
• 처우협의
• Offer Letter 확인 및 서명(by PDF)
• 입사 및 관련서류 업로드(by Flex)",518,개발,"[{""id"": 674, ""title"": ""DevOps / 시스템 관리자""}]","[{""id"": null, ""title"": ""GitHub""}, {""id"": null, ""title"": ""React""}, {""id"": null, ""title"": ""Redis""}, {""id"": null, ""title"": ""Node.js""}, {""id"": null, ""title"": ""Python""}, {""id"": null, ""title"": ""TypeScript""}, {""id"": null, ""title"": ""AWS""}, {""id"": null, ""title"": ""RDBMS""}, {""id"": null, ""title"": ""Spring Framework""}]",6817,같다(gatda Corp),https://gatda.com,2878701121,https://static.wanted.co.kr/images/wdes/0_4.4f6ca2d3.jpg,https://static.wanted.co.kr/images/wdes/0_5.4f6ca2d3.jpg,False,"[기업 소개 / About the Company]
• ""같다""는 대한민국 대표 환경자원 데이터 플랫폼 ‘빼기’를 운영하는 스타트업입니다.
(1) 폐기물 배출  수거  처리  정산 전 과정을 디지털로 통합
(2) 전국 지자체, 민간 파트너, 시민이 동시에 사용하는 유일한 공공형 플랫폼

• ""같다""가 운영중인 빼기 플랫폼은 현재까지 아래와 같은 성과를 기록하고 있습니다.
(1) 가입자 230만 명, 누적 신청 360만 건
(2) 6백만 건 이상의 환경자원 데이터 확보
(3) MAU 30만 명 이상
(4) 전국 243개 지자체 중 80개 지자체와 협약 체결
(5) 국내 시장 점유율 50% 이상 확보

• ""같다"" 한국 환경산업의 구조 자체를 바꾸고 있는 핵심 디지털 전환 기업 입니다.
(1) 과거 수기·유선으로 처리되던 폐기물 행정을 전면 전환
(2) 서울시, 성남시 등과 함께 실제 행정 프로세스 혁신 사례 확보
(3) 조선일보·한겨레21·중앙일보·환경부 정책자료 등 다수 매체 보도

• ""같다""는 빼기 플랫폼 런칭 3년 만에 다음과 같은 압도적 성장 지표를 달성했습니다.
(1) 가입자 25배 성장
(2) 서비스 매출 27배 성장
(3) 매출이익 50배 성장
(4) 2025 아기유니콘기업 선정
(5) 브릿지 투자 진행 중

• ""같다""는 현재 아래 6가지 미래 전략사업을 본격 추진 중입니다.
(1) 폐기물 운송통합 시스템(FMS)
(2) B2B 환경자원 Feedstock 거래 플랫폼
(3) 친환경 소비자 리워드 및 환경보상 사업
(4) 폐자원 기반 배출권 및 포인트 사업
(5) 고물상·재활용시설 인수 및 디지털 전환
(6) 동남아·중동 등 글로벌 진출 사업

• ""같다""는 환경산업을 기술산업으로 바꿔낸 유일한 국내 기업입니다.
(1) 자원 흐름 데이터를 독점 보유
(2) 공공정책(B2G) + 소비자 서비스(B2C)를 연결한 하이브리드 구조
(3) 실제 정책 설계 및 자금 흐름까지 데이터로 통합한 국가급 인프라 플랫폼

""같다""는 이를 주도할 한국형 환경자원 플랫폼의 글로벌 수출 모델을 구축하고 있습니다.
전 세계적으로 약 3300조 원 규모로 확대되는 환경자원 시장에서, 빼기는 그 구조와 데이터를 독점적으로 보유한 플랫폼 기업입니다.
지금 ""같다""는 한국을 넘어 글로벌 No.1 환경자원 플랫폼으로 함께 성장할 인재를 기다립니다.","[{""id"": 9944, ""title"": ""교육""}, {""id"": 9947, ""title"": ""기업문화""}, {""id"": 9948, ""title"": ""보상""}, {""id"": 10028, ""title"": ""50명이하""}, {""id"": 10034, ""title"": ""설립4~9년""}, {""id"": 10036, ""title"": ""퇴사율5%이하""}]",KR,"￦1,000,000","￦500,000","￦500,000",5017,한국,kr,서울,"서울 성동구 아차산로 38, 개풍빌딩 4층(스파크플러스 성수 2호점)",,37.5465385,127.0484355,GEOMETRIC_CENTER,37.54788748029149,127.0497844802915,37.54518951970849,127.0470865197085,"[{""origin"": ""https://static.wanted.co.kr/images/company/6817/rt5yrues779gthe4__1080_790.png"", ""thumb"": ""https://static.wanted.co.kr/images/company/6817/rt5yrues779gthe4__400_400.png"", ""is_title"": true}, {""origin"": ""https://static.wanted.co.kr/images/company/6817/cqi1cyexzcgdtbvx__1080_790.png"", ""thumb"": ""https://static.wanted.co.kr/images/company/6817/cqi1cyexzcgdtbvx__400_400.png"", ""is_title"": false}, {""origin"": ""https://static.wanted.co.kr/images/company/6817/odgdmlikxjqwk9px__1080_790.jpg"", ""thumb"": ""https://static.wanted.co.kr/images/company/6817/odgdmlikxjqwk9px__400_400.jpg"", ""is_title"": false}, {""origin"": ""https://static.wanted.co.kr/images/company/6817/rnt0iel96fysi4iz__1080_790.jpg"", ""thumb"": ""https://static.wanted.co.kr/images/company/6817/rnt0iel96fysi4iz__400_400.jpg"", ""is_title"": false}, {""origin"": ""https://static.wanted.co.kr/images/company/6817/rk0yumbigam5el5p__1080_790.jpg"", ""thumb"": ""https://static.wanted.co.kr/images/company/6817/rk0yumbigam5el5p__400_400.jpg"", ""is_title"": false}, {""origin"": ""https://static.wanted.co.kr/images/company/6817/dqswpl2onzcd3yoa__1080_790.jpg"", ""thumb"": ""https://static.wanted.co.kr/images/company/6817/dqswpl2onzcd3yoa__400_400.jpg"", ""is_title"": false}, {""origin"": ""https://static.wanted.co.kr/images/company/6817/cxhf80hk7lnmyqbr__1080_790.jpg"", ""thumb"": ""https://static.wanted.co.kr/images/company/6817/cxhf80hk7lnmyqbr__400_400.jpg"", ""is_title"": false}]",5,11,https://www.wanted.co.kr/wd/374736?client_id=x7eN3AyKUtFUcR2WIUFbWYfS,,,,,,
292867,active,,Product Manager(Core Product),"| 합류하게 될 팀을 소개해요

[Core Product 팀: 중고거래의 모든 여정을 설계하고 혁신합니다.]
• 번개장터 내 탐색  등록  거래  정산까지 이어지는 전 고객 여정을 설계하고 개선하는 조직입니다. 고객이 상품을 발견하고, 판매자와 조건을 조율하여, 거래를 마무리하기까지의 흐름을 하나의 경험으로 바라보고 만들어요. 

[우리의 미션과 일하는 방식]
• 중고거래는 사용자 상황과 맥락에 따라 행동 양상이 크게 달라지는 고유의 특성을 가집니다. Core Product팀은 정답을 예측하기보다, 빠른 실험과 학습을 통해 고객의 실제 문제를 발견하고 해결하며 가장 최적화된 방향을 찾아갑니다.

[우리팀이 다루는 C2C 고유의 특성]
번개장터의 Core Product팀은 일반적인 이커머스와 다른 C2C 플랫폼 고유의 구조적 특성을 다뤄요:
• 인벤토리 (Inventory): 동일 상품이라도 재고가 단 1개뿐인 중고 상품의 특성 관리
• 탐색 (Discovery): 수요가 넓게 분산되는 롱테일 구조 속에서 구매자와 판매자 연결
• 거래 (Transaction): 구매자와 판매자 간 가격 조정의 다양성 및 복잡한 거래 과정 최적화

[Core Product PM의 역할]
단순히 기능을 구현하는 것을 넘어, 위와 같은 중고거래의 특성을 깊이 이해하고 다음과 같은 핵심 역할을 수행합니다.
1) 문제 정의: 고객의 근본적인 문제를 발견하고 명확히 정의
2) 구조 설계: 문제 해결을 위한 최적의 구조와 시스템 설계
3) 실험 검증: 가설을 기반으로 빠르게 실험하고 결과를 통해 솔루션 검증
PM은 Silo 단위에서 핵심적인 경험을 정의하고, 이를 실현하는 Squad 단위의 기능 및 시스템 구축을 함께 리드하며, 실험과 개선을 반복하는 방식으로 번개장터의 고객 경험을 끊임없이 발전시킵니다.


| 이런 성장을 기대할 수 있어요
• 누적 가입자 2천만, DAU 100만 트래픽을 가진 중고거래 플랫폼에서 더 좋은 서비스와 가치를 만들어 나가는 경험을 쌓을 수 있어요.
• 자잘한 개선도 중요하지만, 수많은 고객에게 큰 임팩트를 줄 수 있는 주요한 프로덕트 과제들을 리드해 볼 수 있어요.
• 하나의 지면/도메인만이 아닌, 여러 지면과 서비스에 걸친 다양한 기획을 해보며 전천후 기획자로서 성장할 수 있어요.
• 훌륭한 데이터 인프라를 갖춘 번개장터에서, Data-driven으로 문제 해결하고 서비스를 론칭하는 경험을 해볼 수 있어요.
• 역량 있는 Senior 및 동료들과 일을 하면서 “생각하는 힘”과 “문제 해결 역량”을 더욱더 발전시킬 수 있어요.
• 구매자와 판매자가 복합적으로 상호작용하는, 중고거래라는 특수한 시장의 생태 구조를 설계하는 경험을 할 수 있어요.","[다루는 문제의 범위]
고객이 상품을 찾고  조건을 조율하며  거래를 완료하기까지 이어지는 전 과정을 다룹니다. 우리는 이 여정 전반에서 나타나는 다양한 문제를 관찰하고, 이를 해결하기 위한 기능과 구조를 설계합니다.

우리가 다루는 문제는 매우 다양합니다:
• 탐색/발견 최적화: 검색과 탐색의 흐름을 더욱 매끄럽게 연결하고 효율화하는 일
• 거래 의사결정 지원: 구매자와 판매자의 의사결정 과정을 이해하고 필요한 커뮤니케이션 도구를 구성하는 일
• 안정적인 거래 환경 구축: 거래가 안정적으로 마무리될 수 있도록 시스템과 정책의 일관성을 설계하는 일


[맡게 될 주요 업무]
고객 경험을 개선하기 위해 기능, 시스템, 정책의 세 가지 핵심 축을 함께 다룹니다.

A. 서비스 기능 기획/출시 (Feature Delivery)
    • 고객 문제를 관찰하고, 이를 해결하기 위한 기능을 기획합니다.
    • 디자이너·개발자와 협업하여 제품을 출시하고, 데이터 기반 실험을 통해 효과를 검증하며 반복 개선합니다.
    • 핵심 목표: 고객 문제 해결 및 기능의 성과 달성

B. 제품/시스템 구조 설계 (System Reasoning)
    • 여러 기능과 정책이 충돌하지 않도록 위계와 규칙을 갖춘 구조를 설계합니다.
    • 정합성, 일관성, 재현성이 보존되는 안정적인 시스템 기반을 마련하는 것을 목표로 합니다.
    • 핵심 목표: 안정성 및 시스템의 일관성 확보

C. 전략 목표 달성을 위한 정책 설계 (Business Logic)
    • OKR 기반으로 달성해야 할 목적을 정의하고, 이를 검증할 수 있는 실험 단위(MVP)를 설계합니다.
    • 고객 행동과 데이터 해석을 바탕으로 정책적 개선 방향을 도출하고 서비스에 적용합니다.
    • 핵심 목표: 전략 목표 달성 및 비즈니스 로직 최적화.","A. 목적과 수단을 분리해 사고하여 Outcome을 만드실 수 있는 분
    • 달성해야 하는 변화(Outcome)를 먼저 정의하고, 그 다음 해결 방식을 고민하는 목표 중심적 사고를 중요하게 생각합니다.
    • 단순히 기능을 만드는 것에 앞서, ""왜 이 변화가 필요한가""를 명확하게 설명할 수 있어야 합니다.
    • PMF(Problem–Market–Fit) 관점에서 문제를 바라보며, 항상 목표 달성에 집중하여 일하시는 분을 기다립니다.

B. 불확실성을 줄이기 위해 실험하고 학습하시는 분
    • 정답을 추측하기보다 작은 실험을 통해 가설을 검증하며 학습하는 방식을 선호합니다.
    • 완성도보다 의사결정을 위한 최소 실행 단위(MVP)를 정의하고 빠르게 실행할 수 있는 역량을 중요하게 보고 있습니다.
    • 고객 행동을 관찰하여 가설을 수정하는 반복적 프로세스에 익숙한 분을 찾습니다.

C. 문제를 구조적으로 이해하여 설계가 가능하신 분
    • 기능, 정책, 시스템 사이의 위계와 규칙을 깊이 이해하고, 여러 변화가 전체 서비스 구조에 미치는 영향을 예측하는 능력을 중요하게 생각합니다.
    • 일회성 해결책보다 정합성, 일관성, 재현성을 우선하는 사고방식을 가집니다.
    • 문제를 인과, 제약, 흐름 단위로 재구성하여 설명할 수 있는 논리적 구조 설계 역량을 가진 분과 함께 일하고 싶습니다.","A. 문제를 더 깊게 이해하는 데 도움이 되는 지식에 관심을 가지신 분
    • 통계, 실험 설계, 데이터 해석 등 정량 기반 의사결정에 대한 이해
    • 검색·정렬·추천, 인증·정산·결제 등 서비스 구조를 이루는 기술·정책적 도메인에 대한 관심 또는 지식
    • 시스템을 위계·규칙·흐름으로 바라보는 데 도움이 되는 논리적·구조적 사고 관련 배경 지식
    • [Note] 중고거래 도메인 경험보다, 문제를 구조적으로 이해하고 실험을 통해 검증하는 기반 지식과 경험에 더 높은 가치를 두고 있어요!

B. 서비스의 흐름을 조율해본 경험이 있으신 분
    • 하나의 여정을 여러 팀과 함께 완성해본 cross-functional 프로젝트 경험
    • 기능·정책·시스템 변화가 전체 구조에 미치는 영향을 고민했던 경험
    • 고객 행동을 기반으로 실험을 설계하거나, 의사결정을 검증해본 경험
    • [Note] 클라이언트 요청을 그대로 수행하는 실행 중심 역할보다는, 문제 해결의 구조를 함께 설계했던 경험에 더 높은 가치를 두고 있어요!","[최고의 환경에서 몰입하고 성장해요]
• 최적의 퍼포먼스를 위한 최신 고사양 업무 장비 지원 
• 개인과 팀의 성장을 위한 자기 계발비 및 무제한 도서 지원 (사내 도서관 운영)
• 개인의 라이프스타일에 맞춘 유연한 시차 출퇴근제 (8-11시 사이)

[에너지를 채우고 활력 넘치게 일해요]
• 든든한 하루를 위한 점심, 저녁 식대 지원
• 활력 충전을 위한 무제한 사내 스낵바 (건강 간식, 고급 원두커피 및 커피머신)

[건강한 몸과 마음으로 균형을 맞춰요]
• 나를 위한 리프레시, 매월 조기 퇴근권 (2시간)
• 재충전을 통해 업무 몰입을 위한 리프레시 휴가 및 휴가비 지원
• 소중한 구성원과 가족의 건강을 위한 본인 및 가족 1인 종합 건강검진 지원
• 삶의 중요한 순간을 함께 나누는 경조사 지원 (휴가 및 비용)
• 몸과 마음을 위한 휴게 공간 및 프로그램 (명상, 요가, 리클라이너 등)

[번개장터만의 특별함을 누려요]
• 구성원의 특별한 날을 축하하는 생일 조기 퇴근권 (2시간) 및 상품권
• 우리의 가치를 공유하고 경험하기 위한 번개 포인트 지급
• 즐거운 협업과 시너지를 위한 팀 빌딩비 지원 및 사내 동호회 운영
• BGZT Collection 오프라인 상품 최대 20% 할인
• 번개장터 IT 컨시어지 상품 최대 30만원 할인","서류 전형 ＞  스크리닝 인터뷰(화상 20분) ＞ 1차 인터뷰 ＞ 2차 인터뷰 ＞처우협의 ＞ 최종 합격
      ※ 2차 인터뷰 전형에서는 후보자 분의 동의를 받아 레퍼런스 체크가 진행될 수 있습니다.
      ※ 전형 절차는 일정 및 상황에 따라 일부 추가/생략될 수 있습니다. 

[지원 전 확인해주세요]
• 이력서는 자유 양식으로 지원해 주세요.
• 번개장터는 지원자의 역량을 최우선적으로 검토하고 있어요. 이력서 제출 시 직무와 무관한 사항
 (구직자 본인의 용모ㆍ키ㆍ체중 등의 신체적 조건, 구직자 본인의 출신지역ㆍ혼인여부ㆍ재산, 직계 존비속 및 형제자매의 학력ㆍ직업ㆍ재산 등)과 연봉 정보는 삭제 후 지원 부탁 드립니다.
• 입사 후 적응을 위한 3개월의 수습기간이 있습니다.
• 입사지원서 기재사항이 사실과 다를 경우 합격이 취소될 수 있습니다.
• 국가유공자 및 장애인 등 취업보호대상자는 관계법령에 따라 우대합니다.
• 지원자가 제출 서류에 대한 삭제를 요청할 경우 이메일로 문의하시면 지체 없이 제출 서류를 파기합니다.",507,경영·비즈니스,"[{""id"": 565, ""title"": ""서비스 기획자""}]",[],90,번개장터,bunjang.co.kr,1138645836,https://static.wanted.co.kr/images/wdes/0_5.7acf0b1c.png,https://static.wanted.co.kr/images/wdes/0_4.7acf0b1c.png,False,"[브랜드 중고거래 플랫폼, 번개장터]
2011년 런칭 이후, ’세상 모든 물건에 가치를, 소비를 지속 가능하게’ 라는 비전을 바탕으로,
사용자들에게 쉽고, 빠르고, 안전한 중고거래 경험을 제공하며 꾸준히 성장하고 있습니다.

[Vision]
세상 모든 물건에 가치를,
소비를 지속가능하게 

[Mission]
쉽고, 매끄럽고, 신뢰할 수 있게 설계된 리커머스 경험","[{""id"": 9941, ""title"": ""가족""}, {""id"": 9945, ""title"": ""출퇴근""}, {""id"": 10024, ""title"": ""연봉상위6~10%""}, {""id"": 10029, ""title"": ""51~300명""}, {""id"": 10035, ""title"": ""설립10년이상""}, {""id"": 10036, ""title"": ""퇴사율5%이하""}]",KR,"￦1,000,000","￦500,000","￦500,000",4127,한국,kr,서울,"서울시 서초구 서초대로38길 12 마제스타시티 타워 2, 7층, 10층",,37.4904845,127.0056469,ROOFTOP,37.4918334802915,127.0069958802915,37.4891355197085,127.0042979197085,"[{""origin"": ""https://static.wanted.co.kr/images/company/90/ftsvpalidwiwfqbw__1080_790.png"", ""thumb"": ""https://static.wanted.co.kr/images/company/90/ftsvpalidwiwfqbw__400_400.png"", ""is_title"": true}, {""origin"": ""https://static.wanted.co.kr/images/company/90/c3gxnynbxpuvtqqd__1080_790.jpg"", ""thumb"": ""https://static.wanted.co.kr/images/company/90/c3gxnynbxpuvtqqd__400_400.jpg"", ""is_title"": false}, {""origin"": ""https://static.wanted.co.kr/images/company/90/uskxdd6efh8h0pns__1080_790.png"", ""thumb"": ""https://static.wanted.co.kr/images/company/90/uskxdd6efh8h0pns__400_400.png"", ""is_title"": false}, {""origin"": ""https://static.wanted.co.kr/images/company/90/4upakuskkxrpz03k__1080_790.jpg"", ""thumb"": ""https://static.wanted.co.kr/images/company/90/4upakuskkxrpz03k__400_400.jpg"", ""is_title"": false}, {""origin"": ""https://static.wanted.co.kr/images/company/90/9nrlxmcvktbsghoa__1080_790.png"", ""thumb"": ""https://static.wanted.co.kr/images/company/90/9nrlxmcvktbsghoa__400_400.png"", ""is_title"": false}, {""origin"": ""https://static.wanted.co.kr/images/company/90/qaczxtjdkmop3x0x__1080_790.png"", ""thumb"": ""https://static.wanted.co.kr/images/company/90/qaczxtjdkmop3x0x__400_400.png"", ""is_title"": false}, {""origin"": ""https://static.wanted.co.kr/images/company/90/qm8v5jqgdozvneqb__1080_790.png"", ""thumb"": ""https://static.wanted.co.kr/images/company/90/qm8v5jqgdozvneqb__400_400.png"", ""is_title"": false}, {""origin"": ""https://static.wanted.co.kr/images/company/90/d3yj0t2ehmckuicn__1080_790.png"", ""thumb"": ""https://static.wanted.co.kr/images/company/90/d3yj0t2ehmckuicn__400_400.png"", ""is_title"": false}, {""origin"": ""https://static.wanted.co.kr/images/company/90/dofxpmwu2lucnvyt__1080_790.png"", ""thumb"": ""https://static.wanted.co.kr/images/company/90/dofxpmwu2lucnvyt__400_400.png"", ""is_title"": false}, {""origin"": ""https://static.wanted.co.kr/images/company/90/ekfodgzgonidlgiu__1080_790.png"", ""thumb"": ""https://static.wanted.co.kr/images/company/90/ekfodgzgonidlgiu__400_400.png"", ""is_title"": false}, {""origin"": ""https://static.wanted.co.kr/images/company/90/sv5jmvz9hbxm5cyi__1080_790.png"", ""thumb"": ""https://static.wanted.co.kr/images/company/90/sv5jmvz9hbxm5cyi__400_400.png"", ""is_title"": false}]",2,100,https://www.wanted.co.kr/wd/292867?client_id=x7eN3AyKUtFUcR2WIUFbWYfS,,,,,,
374733,active,,UX/UI 디자이너 (첫 번째 디자이너 · Design Lead 트랙),"AI 기반 영상제작 워크스페이스를 만드는 스타트업에서 팀의 첫 번째 전문 디자이너를 찾습니다.

저희는 글로벌 메이저 금융사·IP 금융화 플랫폼 출신 금융 전문가들과 국내 최대 이커머스 출신 AI 인프라 엔지니어, 그리고 130만 회원 OTT·팬덤 플랫폼을 창업한 콘텐츠 전문가가 주축이 되어, AI 기반 영상제작 워크스페이스를 개발하고 있는 Pre-A 스타트업입니다. 뉴욕대, UC버클리, KAIST 등 출신으로 한국·일본을 시작으로 글로벌 시장을 목표로 합니다.

비전은 ""모든 사람이 IP가 되는 세상"". 인터랙티브 프로토타입을 기반으로 2026년 MVP 출시, 2027년 1월 서비스 런칭을 준비하고 있습니다. 이 포지션은 제품의 UX 방향을 스스로 설계하고, 팀이 커지면 Design Lead로 성장하는 트랙입니다.","• AI 비디오 생성 워크스페이스의 UX 전략 수립 및 유저 플로우 설계
• Design System 구축 (컴포넌트, 디자인 토큰, 가이드라인)
• 와이어프레임  프로토타입  UI 제작 전 과정 주도
• 개발팀과 Figma 기반 핸드오프 협업 (Dev Mode, 스펙 문서 작성)
• 사용자 리서치 및 데이터 기반 제품 개선 (A/B 테스트, 사용성 분석)
• 한국, 일본, 글로벌 사용자를 고려한 다국어 UX 설계","• UX/UI 디자인 경력 3년 이상
• Zero to One 제품 설계 경험 (스타트업 또는 신규 서비스 런칭 경험)
• 서비스 초기 설계부터 런칭, 운영 및 고도화까지 전 과정을 경험하신 분
• Figma 숙련자 (Auto Layout, Component, Variable 활용)
• 개발자와의 협업 경험 (핸드오프, 스펙 문서 작성, Figma Dev Mode)
• 사용자 문제를 스스로 발견하고 데이터로 검증하는 리서치 역량","• Design System 또는 DesignOps 구축 경험
• SaaS 또는 B2B 서비스 디자인 경험
• AI 영상생성 툴 사용 경험 (Runway, Pika, Midjourney, Sora 등)
• AI 기반 디자인 툴 활용에 익숙하거나 새로운 기술을 적극적으로 학습하시는 분
• Figma AI, Cursor, v0.dev 등 AI-native 업무 도구 활용 경험
• 영어 커뮤니케이션 가능 (글로벌 협업)
• 영상/크리에이터 도메인에 대한 이해 또는 관심","• 디자인 오너십: 첫 디자이너로서 모든 디자인 의사결정에 주도적으로 참여합니다
• AI-native 업무 환경: Figma AI, Cursor, Claude Code 등 최신 AI 툴을 전사 지원합니다
• 빠른 성장 환경: MVP 출시부터 서비스 런칭, 글로벌 확장까지 전 과정을 함께하는 경험을 제공합니다
• 시장 경쟁력 있는 수준의 보상 (연봉 협의)
• 팀이 성장하면 Design Lead로 성장하는 커리어 트랙","서류 전형(이력서+포트폴리오) - 1차 면접(직무 적합성·포트폴리오 리뷰) - 2차 면접(촽업진·조직 적합성) - 처우협의 및 입사일 조율
※ 포트폴리오에는 완성된 화면뿐 아니라, 어떤 문제를 발견했고 왜 그 방향을 선택했는지 과정이 포함되면 더욱 좋습니다.",511,디자인,"[{""id"": 597, ""title"": ""UI,GUI 디자이너""}, {""id"": 599, ""title"": ""UX 디자이너""}]",[],58338,블루필드,,8428603725,,,False,,"[{""id"": 9948, ""title"": ""보상""}]",KR,"￦1,000,000","￦500,000","￦500,000",75527,한국,kr,서울,"서울 강남구 논현로145길 50, 1층",,37.5163936,127.0251472,ROOFTOP,37.5177425802915,127.0264961802915,37.5150446197085,127.0237982197085,"[{""origin"": ""https://static.wanted.co.kr/images/company/58338/azqohojyl6boto1o__1080_790.png"", ""thumb"": ""https://static.wanted.co.kr/images/company/58338/azqohojyl6boto1o__400_400.png"", ""is_title"": true}]",3,100,https://www.wanted.co.kr/wd/374733?client_id=x7eN3AyKUtFUcR2WIUFbWYfS,,,,,,
374732,active,,Account Manager,"Growth Part는 실비아헬스의 제품과 기술이 실제 고객 환경에서 의미 있게 사용되고, 반복 가능한 사업 성과로 이어지도록 만드는 조직입니다. 고객과의 접점에서 발생하는 요구를 실행 가능한 사업과 운영 흐름으로 전환합니다.

Account Manager는 Growth Part에서 고객과 실비아헬스 사이의 핵심 접점 역할을 맡아, 제품 도입 이후의 활용·운영·확장 과정을 책임집니다. 고객의 사용 맥락을 이해하고 내부 조직과 조율해, 관계가 단발성 거래가 아니라 지속 가능한 협업으로 이어지도록 만듭니다.","• 실비아헬스 제품과 서비스에 적합한 고객·파트너 계정을 발굴하고, 담당자·예산·구매 절차·도입 가능성을 1차 검증합니다.
• 고객과의 지속적인 커뮤니케이션을 통해 니즈, Pain Point, 사용 맥락, 의사결정 구조를 파악하고 계정별 상태를 관리합니다.
• 미팅 전후 Follow-up, 고객 요청사항, 커뮤니케이션 히스토리, 리스크 요소를 정리하여 계약·제안 진행에 필요한 고객 정보- 를 구조화합니다.
• 계약 이후 고객의 제품 활용 현황, 반복 이슈, VOC, 만족도 변화를 관리하며 안정적인 관계 유지와 리텐션에 기여합니다.
• 고객 관계 속에서 재계약, 업셀, 기관·지점·부서 확장 가능성을 감지하고 이를 내부 사업 기회로 연결합니다.","• B2B 또는 B2G 환경에서 고객 대응, 계정 관리, 고객 발굴 또는 고객 운영 경험이 있는 분
• 고객의 요청을 단순 전달하는 것이 아니라, 실행 가능한 정보와 의사결정 자료로 정리할 수 있는 분
• 고객 관계를 유지하는 데 그치지 않고, 신뢰를 기반으로 재계약·확장 가능성을 감지할 수 있는 분
• 여러 이해관계자 사이에서 고객 맥락, 우선순위, 리스크를 정리하고 흐름을 조율할 수 있는 분
• 자신의 역할을 단순 고객 응대가 아니라, 사업 실행과 고객 확장에 기여하는 역할로 인식하는 분","• 디지털 헬스케어, 의료, 공공, 시니어 산업 중 하나 이상의 고객 대응 또는 계정 관리 경험
• B2B/B2G 환경에서 고객 발굴, 1차 Qualification, 미팅 세팅, Follow-up을 수행해본 경험
• 제품 또는 서비스 도입 이후 고객 활용 현황, VOC, 운영 이슈를 관리해본 경험
• 계약, 제안, FAQ, 커뮤니케이션 문서를 실무적으로 다뤄본 경험
• 반복적인 고객 피드백을 구조화해 서비스 개선 또는 사업 확장 기회로 연결해본 경험","[근무 여건]
• 유연근무제: 출퇴근 시간을 자유롭게 조절하는 탄력근무제 시행
• 장비 지원: 업무용 고사양 노트북 및 쾌적한 회의/휴게 공간 제공

[생활/건강 지원]
• 건강 관리: 연 1회 종합 건강검진 지원
• 생활 지원: 각종 경조사비 및 경조 휴가, 사내 간식 제공
• 선물: 생일자 선물

[성장/보상]
• 자기계발: 직무 교육비 및 도서 구입비 지원
• 휴가: 리프레시(Refresh) 휴가 제도 운영","1. 서류 전형: 이력서와 제출 자료를 바탕으로 지원자의 기본적인 경험과 배경을 확인하는 전형입니다.
2. 커피챗: 실비아헬스와 지원자가 서로를 알아가는 초기 대화 단계로, 역할과 방향성에 대한 이해를 맞추는 시간입니다.
3. 실비아 챌린지: 실제 업무 상황을 가정한 과제를 통해 문제 접근 방식과 사고 구조를 확인하는 전형입니다.
4. 직무 인터뷰: 지원한 포지션과 관련된 경험과 역량을 중심으로, 역할 적합성을 확인하는 인터뷰입니다.
5. 문화 적합성 인터뷰: 실비아헬스의 일하는 방식과 가치관이 서로 잘 맞는지를 확인하는 대화 중심의 인터뷰입니다.",507,경영·비즈니스,"[{""id"": 564, ""title"": ""사업개발·기획자""}]",[],32100,실비아헬스,silvia.io,3378101915,https://static.wanted.co.kr/images/wdes/0_5.df76cfb9.jpg,https://static.wanted.co.kr/images/wdes/0_4.df76cfb9.jpg,False,"실비아헬스는 치매의 예방과 조기진단을 위한 모바일 어플리케이션 기반의 디지털 테라피(Digital Therapeutics)를 개발하는 에이지테크 (age-tech) 스타트업입니다. 두뇌 건강 플랫폼 실비아 앱 출시를 시작으로 정신 및 신체건강을 모두 아우르는 맞춤형 디지털 헬스케어의 선도 기업을 향해 나아갑니다. 

실비아 앱은 비대면 치매 선별 검사 및 맞춤형 인지건강 트레이닝 서비스를 제공합니다. 원격으로 고객의 치매 발병 위험도를 평가하여 고위험군을 병원 및 기관과 연계하여 관리 효과를 극대화 할 뿐만 아니라, 앱을 통해 수집 되는 데이터를 통해 퇴행성 뇌질환의 디지털 바이오마커를 발굴합니다. 또한 대상자의 눈높이와 취향에 맞는 치매 예방 및 치료 컨텐츠를 개발하고 병원과의 임상연구를 진행하여 재미와 의학적 효능을 모두 갖춘 디지털 테라피로 발전시켜나갑니다. 

실비아헬스는 기존 헬스케어의 전달 방식을 혁신하고 고령화 사회에 최적화된 솔루션을 제공하여 '노화'에 대한 부정적인 인식을 바꿔나갑니다. 액티브 에이징 생태계 조성을 선도하는 기업이 되어 노화가 두렵지않은 세상을 만들기 위해 실비아는 오늘도 한걸음씩 앞으로 나아갑니다. 

실비아헬스는 현재 다양한 분야의 채용을 진행하고 있습니다. 헬스케어의 패러다임을 바꾸기 위해 거친 파도 위를 함께 항해할 수 있는 든든한 선원을 기다립니다.","[{""id"": 9944, ""title"": ""교육""}, {""id"": 9945, ""title"": ""출퇴근""}, {""id"": 9948, ""title"": ""보상""}, {""id"": 10028, ""title"": ""50명이하""}, {""id"": 10034, ""title"": ""설립4~9년""}, {""id"": 10036, ""title"": ""퇴사율5%이하""}]",KR,"￦1,000,000","￦500,000","￦500,000",38793,한국,kr,서울,서울 강남구 영동대로85길 20-7,,37.50734509999999,127.0616109,ROOFTOP,37.5086940802915,127.0629598802915,37.5059961197085,127.0602619197085,"[{""origin"": ""https://static.wanted.co.kr/images/company/32100/vk1yxcuapbqjnjva__1080_790.jpg"", ""thumb"": ""https://static.wanted.co.kr/images/company/32100/vk1yxcuapbqjnjva__400_400.jpg"", ""is_title"": true}, {""origin"": ""https://static.wanted.co.kr/images/company/32100/mvegnjsnp9zel6fp__1080_790.jpg"", ""thumb"": ""https://static.wanted.co.kr/images/company/32100/mvegnjsnp9zel6fp__400_400.jpg"", ""is_title"": false}, {""origin"": ""https://static.wanted.co.kr/images/company/32100/79iencgroqobqajo__1080_790.jpg"", ""thumb"": ""https://static.wanted.co.kr/images/company/32100/79iencgroqobqajo__400_400.jpg"", ""is_title"": false}, {""origin"": ""https://static.wanted.co.kr/images/company/32100/2l1wlvy60aivprsn__1080_790.jpg"", ""thumb"": ""https://static.wanted.co.kr/images/company/32100/2l1wlvy60aivprsn__400_400.jpg"", ""is_title"": false}, {""origin"": ""https://static.wanted.co.kr/images/company/32100/zlsqj89mjxitl3ap__1080_790.jpg"", ""thumb"": ""https://static.wanted.co.kr/images/company/32100/zlsqj89mjxitl3ap__400_400.jpg"", ""is_title"": false}, {""origin"": ""https://static.wanted.co.kr/images/company/32100/hj5mkzoz2v0uxlwi__1080_790.jpg"", ""thumb"": ""https://static.wanted.co.kr/images/company/32100/hj5mkzoz2v0uxlwi__400_400.jpg"", ""is_title"": false}, {""origin"": ""https://static.wanted.co.kr/images/company/32100/ooff2rpobwlzpyus__1080_790.jpg"", ""thumb"": ""https://static.wanted.co.kr/images/company/32100/ooff2rpobwlzpyus__400_400.jpg"", ""is_title"": false}]",3,10,https://www.wanted.co.kr/wd/374732?client_id=x7eN3AyKUtFUcR2WIUFbWYfS,,,,,,
370665,active,,HR Strategy & Performance Manager,"| 합류하게 될 팀을 소개해요
• People팀은 구성원분들이 번개장터에서 더 깊이 몰입하고 성장할 수 있는 환경과 제도를 기획하고 운영하는 조직이에요.
• 조직과 구성원에 대한 깊은 이해를 바탕으로 평가 및 보상, 근무 관리, IT자산 지원, 인사 기획 및 설계, 조직 진단 등 인사 전반을 담당해요.
• 회사가 올바르게 운영될 수 있도록 리스크를 예방하고, 각 조직이 가진 고민을 함께 해결하고 있어요.
• 지금 우리가 집중하고 있는 과제는 고속 성장하는 조직에 맞는 평가·승진 체계를 고도화하는 거예요. 단순히 제도를 운영하는 것을 넘어, 구성원의 성장과 비즈니스 방향을 연결하는 HR 파트너를 기다리고 있어요.

| 이런 성장을 기대할 수 있어요
• 누적 가입자 2천만, DAU 100만 트래픽을 가진 중고거래 플랫폼에서 더 좋은 서비스와 가치를 만들어 나가는 경험을 쌓을 수 있어요.
• 회사의 고속 성장에 발맞추어 평가·승진 제도를 직접 설계하고 고도화하며 HR 전문가로서의 커리어 임팩트를 만들 수 있어요.
• 다양한 리더들과 긴밀하게 소통하며, 비즈니스 방향성에 싱크 맞춘 HR 변화 관리를 주도할 수 있어요.","[평가제도 기획 및 운영]
• 조직의 성장 단계에 맞는 평가 체계 및 운영 원칙을 수립해요.
• 중간 리뷰, 연말 평가, 결과 확정으로 이어지는 평가 사이클 전반을 총괄하고 일정을 관리해요.
• 캘리브레이션을 통해 평가 기준의 싱크를 맞추고 전사적인 정렬을 유도해요.
• 구성원의 성장을 견인할 수 있도록 리더 대상 피드백 가이드를 수립하고, 상시 피드백 문화를 구축하도록 지원해요.

[인사기획 및 변화관리]
• CEO 및 HR 주요 과제를 주도적으로 팔로업하며 인사기획을 실행해요.
• HR 데이터 분석을 기반으로 현황을 진단하고, 의사결정을 위한 팔로업을 진행해요.
• 제도에 대한 리더와 구성원의 수용도를 높이기 위해 다양한 변화관리 활동과 커뮤니케이션을 전개해요.","• HR 실무 경력 5년 이상으로, 성과관리/평가/인사기획 영역에서 탄탄한 실무 경험을 보유하신 분
• 평가제도를 단순히 운영하는 수준을 넘어, 직접 설계하고 개선 및 고도화하는 프로젝트를 주도적으로 수행해 본 경험이 있으신 분
• 조직의 승진 제도(자격 요건, 심사 프로세스 등)를 기획·리뉴얼하거나 직접 운영 프로세스를 리드해 본 경험이 있으신 분
• 데이터를 기반으로 문제를 정의하고, 리더 그룹과의 협업을 위한 유연한 커뮤니케이션과 문서화 역량을 갖추신 분","• IT 및 커머스 업계, 혹은 스타트업 환경에서 빠른 조직 성장과 변화 관리를 경험해 보신 분
• 주도적으로 제도를 제안하고 실행에 옮겨 성과를 만들어본 경험이 있으신 분
• 구성원과 리더의 입장을 균형있게 조율하며 조직의 문제를 함께 해결해 본 경험이 있으신 분","[최고의 환경에서 몰입하고 성장해요]
• 최적의 퍼포먼스를 위한 최신 고사양 업무 장비 지원 
• 개인과 팀의 성장을 위한 자기 계발비 및 무제한 도서 지원 (사내 도서관 운영)
• 개인의 라이프스타일에 맞춘 유연한 시차 출퇴근제 (8-11시 사이)

[에너지를 채우고 활력 넘치게 일해요]
• 든든한 하루를 위한 점심, 저녁 식대 지원
• 활력 충전을 위한 무제한 사내 스낵바 (건강 간식, 고급 원두커피 및 커피머신)

[건강한 몸과 마음으로 균형을 맞춰요]
• 나를 위한 리프레시, 매월 조기 퇴근권 (2시간)
• 재충전을 통해 업무 몰입을 위한 리프레시 휴가 및 휴가비 지원
• 소중한 구성원과 가족의 건강을 위한 본인 및 가족 1인 종합 건강검진 지원
• 삶의 중요한 순간을 함께 나누는 경조사 지원 (휴가 및 비용)
• 몸과 마음을 위한 휴게 공간 및 프로그램

[번개장터만의 특별함을 누려요]
• 구성원의 특별한 날을 축하하는 생일 조기 퇴근권 (2시간) 및 상품권
• 우리의 가치를 공유하고 경험하기 위한 번개 포인트 지급
• 즐거운 협업과 시너지를 위한 팀 빌딩비 지원 및 사내 동호회 운영
• 번개장터 IT 컨시어지 상품 최대 30만원 할인","서류 전형 ＞ 1차 인터뷰 ＞ 2차 인터뷰 ＞3차 인터 ＞ 처우협의 ＞ 최종 합격
    ※ 3차 인터뷰 이후에 후보자 분의 동의를 받아 레퍼런스 체크가 진행될 수 있습니다.      
    ※ 전형 절차는 일정 및 상황에 따라 일부 추가/생략될 수 있습니다. 

[지원 전 확인해주세요]
• 이력서는 자유 양식으로 지원해 주세요.
• 번개장터는 지원자의 역량을 최우선적으로 검토하고 있어요. 이력서 제출 시 직무와 무관한 사항
 (구직자 본인의 용모ㆍ키ㆍ체중 등의 신체적 조건, 구직자 본인의 출신지역ㆍ혼인여부ㆍ재산, 직계 존비속 및 형제자매의 학력ㆍ직업ㆍ재산 등)과 연봉 정보는 삭제 후 지원 부탁 드립니다.
• 입사 후 적응을 위한 3개월의 수습기간이 있습니다.
• 입사지원서 기재사항이 사실과 다를 경우 합격이 취소될 수 있습니다.
• 국가유공자 및 장애인 등 취업보호대상자는 관계법령에 따라 우대합니다.
• 지원자가 제출 서류에 대한 삭제를 요청할 경우 이메일로 문의하시면 지체 없이 제출 서류를 파기합니다.",517,HR,"[{""id"": 642, ""title"": ""HR 컨설턴트""}, {""id"": 643, ""title"": ""인사담당""}]",[],90,번개장터,bunjang.co.kr,1138645836,https://static.wanted.co.kr/images/wdes/0_5.7acf0b1c.png,https://static.wanted.co.kr/images/wdes/0_4.7acf0b1c.png,False,"[브랜드 중고거래 플랫폼, 번개장터]
2011년 런칭 이후, ’세상 모든 물건에 가치를, 소비를 지속 가능하게’ 라는 비전을 바탕으로,
사용자들에게 쉽고, 빠르고, 안전한 중고거래 경험을 제공하며 꾸준히 성장하고 있습니다.

[Vision]
세상 모든 물건에 가치를,
소비를 지속가능하게 

[Mission]
쉽고, 매끄럽고, 신뢰할 수 있게 설계된 리커머스 경험","[{""id"": 9941, ""title"": ""가족""}, {""id"": 9945, ""title"": ""출퇴근""}, {""id"": 10024, ""title"": ""연봉상위6~10%""}, {""id"": 10029, ""title"": ""51~300명""}, {""id"": 10035, ""title"": ""설립10년이상""}, {""id"": 10036, ""title"": ""퇴사율5%이하""}]",KR,"￦1,000,000","￦500,000","￦500,000",4127,한국,kr,서울,"서울시 서초구 서초대로38길 12 마제스타시티 타워 2, 7층, 10층",,37.4904845,127.0056469,ROOFTOP,37.4918334802915,127.0069958802915,37.4891355197085,127.0042979197085,"[{""origin"": ""https://static.wanted.co.kr/images/company/90/ftsvpalidwiwfqbw__1080_790.png"", ""thumb"": ""https://static.wanted.co.kr/images/company/90/ftsvpalidwiwfqbw__400_400.png"", ""is_title"": true}, {""origin"": ""https://static.wanted.co.kr/images/company/90/c3gxnynbxpuvtqqd__1080_790.jpg"", ""thumb"": ""https://static.wanted.co.kr/images/company/90/c3gxnynbxpuvtqqd__400_400.jpg"", ""is_title"": false}, {""origin"": ""https://static.wanted.co.kr/images/company/90/uskxdd6efh8h0pns__1080_790.png"", ""thumb"": ""https://static.wanted.co.kr/images/company/90/uskxdd6efh8h0pns__400_400.png"", ""is_title"": false}, {""origin"": ""https://static.wanted.co.kr/images/company/90/4upakuskkxrpz03k__1080_790.jpg"", ""thumb"": ""https://static.wanted.co.kr/images/company/90/4upakuskkxrpz03k__400_400.jpg"", ""is_title"": false}, {""origin"": ""https://static.wanted.co.kr/images/company/90/9nrlxmcvktbsghoa__1080_790.png"", ""thumb"": ""https://static.wanted.co.kr/images/company/90/9nrlxmcvktbsghoa__400_400.png"", ""is_title"": false}, {""origin"": ""https://static.wanted.co.kr/images/company/90/qaczxtjdkmop3x0x__1080_790.png"", ""thumb"": ""https://static.wanted.co.kr/images/company/90/qaczxtjdkmop3x0x__400_400.png"", ""is_title"": false}, {""origin"": ""https://static.wanted.co.kr/images/company/90/qm8v5jqgdozvneqb__1080_790.png"", ""thumb"": ""https://static.wanted.co.kr/images/company/90/qm8v5jqgdozvneqb__400_400.png"", ""is_title"": false}, {""origin"": ""https://static.wanted.co.kr/images/company/90/d3yj0t2ehmckuicn__1080_790.png"", ""thumb"": ""https://static.wanted.co.kr/images/company/90/d3yj0t2ehmckuicn__400_400.png"", ""is_title"": false}, {""origin"": ""https://static.wanted.co.kr/images/company/90/dofxpmwu2lucnvyt__1080_790.png"", ""thumb"": ""https://static.wanted.co.kr/images/company/90/dofxpmwu2lucnvyt__400_400.png"", ""is_title"": false}, {""origin"": ""https://static.wanted.co.kr/images/company/90/ekfodgzgonidlgiu__1080_790.png"", ""thumb"": ""https://static.wanted.co.kr/images/company/90/ekfodgzgonidlgiu__400_400.png"", ""is_title"": false}, {""origin"": ""https://static.wanted.co.kr/images/company/90/sv5jmvz9hbxm5cyi__1080_790.png"", ""thumb"": ""https://static.wanted.co.kr/images/company/90/sv5jmvz9hbxm5cyi__400_400.png"", ""is_title"": false}]",5,10,https://www.wanted.co.kr/wd/370665?client_id=x7eN3AyKUtFUcR2WIUFbWYfS,,,,,,
360208,active,,FP&A Manager,"| 합류하게 될 팀을 소개해요
• 번개장터 재무전략팀은 C2C 산업과 비즈니스에 대한 깊은 이해를 바탕으로, 회사가 고속 성장할 수 있는 재무 로드맵을 수립하고 관리하는 팀이에요.
• 단순히 수치를 취합하고 보고서를 만드는 재무관리가 아닌, 사업부와의 유기적인 협업을 통해 주도적으로 회사의 성장을 이끌어내는 재무 관리를 경험할 수 있어요.
• 재무관리뿐만 아니라 IR, 투자, 경영지원 등 다양한 업무 범위가 열려 있어요. 새로운 영역을 배우며 커리어를 확장하고자 하는 동료를 기다리고 있어요.

| 이런 성장을 기대할 수 있어요
• 누적 가입자 2천만, DAU 100만 트래픽을 가진 중고거래 플랫폼에서 더 좋은 서비스와 가치를 만들어 나가는 경험을 쌓을 수 있어요.
• 수치를 취합하고 보고서를 만드는 재무 관리에서 나아가, 신사업 초기 검토부터 참여하며 비즈니스를 설계하는 '전략적 재무 전문가'로 성장할 수 있어요.
• 사업부와 직접 소통하며 재무적 인사이트로 의사결정을 이끌고, 직접 비즈니스의 성장을 만들어가는 값진 경험을 할 수 있어요.","• 분기 및 연간 전사 재무계획 수립을 위한 분석을 지원해요.
• 예산 대비 실적 분석과 Forecast 운영을 통한 재무 의사결정을 지원해요.
• 사업부별 손익 구조와 KPI 모니터링하며 성과 관리 체계를 고도화해요.
• 신사업 및 신규 프로젝트에 대한 투자 의사결정을 위한 재무 모델링을 진행해요. 
• 사업부와의 정기 커뮤니케이션을 통해 재무 이슈를 정리하고 의사결정을 지원해요.","• 재무기획(FP&A) 업무를 3년 이상 수행한 경험이 있으신 분
• 실적, 예산, 손익 관리 등 관리회계 기반 업무 경험이 있으신 분
• 논리적/구조적 사고를 바탕으로 데이터 기반 분석 및 문제 해결이 가능하신 분
• 다양한 직군의 Stakeholder와 재무 관점에서 원활하게 커뮤니케이션할 수 있으신 분","• FP&A, 재무전략, 경영기획 등 유관 조직 근무 경험이 있으신 분
• CPA, CFA 등 회계/재무 관련 자격증 보유하신 분
• 신사업/신규 프로젝트 관련 초기 재무 검토 경험이 있으신 분
• ERP 데이터 활용 및 재무 리포팅 고도화 경험이 있으신 분
• 투자 유치, M&A 등 자본시장 관련 프로젝트 참여 경험이 있으신 분","[최고의 환경에서 몰입하고 성장해요]
• 최적의 퍼포먼스를 위한 최신 고사양 업무 장비 지원 
• 개인과 팀의 성장을 위한 자기 계발비 및 무제한 도서 지원 (사내 도서관 운영)
• 개인의 라이프스타일에 맞춘 유연한 시차 출퇴근제 (8-11시 사이)

[에너지를 채우고 활력 넘치게 일해요]
• 든든한 하루를 위한 점심, 저녁 식대 지원
• 활력 충전을 위한 무제한 사내 스낵바 (건강 간식, 고급 원두커피 및 커피머신)

[건강한 몸과 마음으로 균형을 맞춰요]
• 나를 위한 리프레시, 매월 조기 퇴근권 (2시간)
• 재충전을 통해 업무 몰입을 위한 리프레시 휴가 및 휴가비 지원
• 소중한 구성원과 가족의 건강을 위한 본인 및 가족 1인 종합 건강검진 지원
• 삶의 중요한 순간을 함께 나누는 경조사 지원 (휴가 및 비용)
• 몸과 마음을 위한 휴게 공간 및 프로그램 (명상, 요가, 리클라이너 등)

[번개장터만의 특별함을 누려요]
• 구성원의 특별한 날을 축하하는 생일 조기 퇴근권 (2시간) 및 상품권
• 우리의 가치를 공유하고 경험하기 위한 번개 포인트 지급
• 즐거운 협업과 시너지를 위한 팀 빌딩비 지원 및 사내 동호회 운영
• 번개장터 IT 컨시어지 상품 최대 30만원 할인","서류 전형 ＞ 1차 인터뷰 ＞ 2차 인터뷰 ＞ 최종 합격 
      ※ 2차 인터뷰 전형에서는 후보자 분의 동의를 받아 레퍼런스 체크가 진행될 수 있습니다.
      ※ 전형 절차는 일정 및 상황에 따라 일부 추가/생략될 수 있습니다. 

[지원 전 확인해주세요]
• 이력서는 자유 양식으로 지원해 주세요.
• 번개장터는 지원자의 역량을 최우선적으로 검토하고 있어요. 이력서 제출 시 직무와 무관한 사항 
   (구직자 본인의 용모ㆍ키ㆍ체중 등의 신체적 조건, 구직자 본인의 출신지역ㆍ혼인여부ㆍ재산, 직계 존비속 및 형제자매의 학력ㆍ직업ㆍ재산 등)과 연봉 정보는 삭제 후 지원 부탁 드립니다.
• 입사 후 적응을 위한 3개월의 수습기간이 있습니다.
• 입사지원서 기재사항이 사실과 다를 경우 합격이 취소될 수 있습니다.
• 국가유공자 및 장애인 등 취업보호대상자는 관계법령에 따라 우대합니다.
• 지원자가 제출 서류에 대한 삭제를 요청할 경우 이메일로 문의하시면 지체 없이 제출 서류를 파기합니다.",508,금융,"[{""id"": 534, ""title"": ""회계담당""}, {""id"": 538, ""title"": ""재무 분석가""}, {""id"": 1048, ""title"": ""재무 담당자""}]",[],90,번개장터,bunjang.co.kr,1138645836,https://static.wanted.co.kr/images/wdes/0_5.7acf0b1c.png,https://static.wanted.co.kr/images/wdes/0_4.7acf0b1c.png,False,"[브랜드 중고거래 플랫폼, 번개장터]
2011년 런칭 이후, ’세상 모든 물건에 가치를, 소비를 지속 가능하게’ 라는 비전을 바탕으로,
사용자들에게 쉽고, 빠르고, 안전한 중고거래 경험을 제공하며 꾸준히 성장하고 있습니다.

[Vision]
세상 모든 물건에 가치를,
소비를 지속가능하게 

[Mission]
쉽고, 매끄럽고, 신뢰할 수 있게 설계된 리커머스 경험","[{""id"": 9941, ""title"": ""가족""}, {""id"": 9945, ""title"": ""출퇴근""}, {""id"": 10024, ""title"": ""연봉상위6~10%""}, {""id"": 10029, ""title"": ""51~300명""}, {""id"": 10035, ""title"": ""설립10년이상""}, {""id"": 10036, ""title"": ""퇴사율5%이하""}]",KR,"￦1,000,000","￦500,000","￦500,000",4127,한국,kr,서울,"서울시 서초구 서초대로38길 12 마제스타시티 타워 2, 7층, 10층",,37.4904845,127.0056469,ROOFTOP,37.4918334802915,127.0069958802915,37.4891355197085,127.0042979197085,"[{""origin"": ""https://static.wanted.co.kr/images/company/90/ftsvpalidwiwfqbw__1080_790.png"", ""thumb"": ""https://static.wanted.co.kr/images/company/90/ftsvpalidwiwfqbw__400_400.png"", ""is_title"": true}, {""origin"": ""https://static.wanted.co.kr/images/company/90/c3gxnynbxpuvtqqd__1080_790.jpg"", ""thumb"": ""https://static.wanted.co.kr/images/company/90/c3gxnynbxpuvtqqd__400_400.jpg"", ""is_title"": false}, {""origin"": ""https://static.wanted.co.kr/images/company/90/uskxdd6efh8h0pns__1080_790.png"", ""thumb"": ""https://static.wanted.co.kr/images/company/90/uskxdd6efh8h0pns__400_400.png"", ""is_title"": false}, {""origin"": ""https://static.wanted.co.kr/images/company/90/4upakuskkxrpz03k__1080_790.jpg"", ""thumb"": ""https://static.wanted.co.kr/images/company/90/4upakuskkxrpz03k__400_400.jpg"", ""is_title"": false}, {""origin"": ""https://static.wanted.co.kr/images/company/90/9nrlxmcvktbsghoa__1080_790.png"", ""thumb"": ""https://static.wanted.co.kr/images/company/90/9nrlxmcvktbsghoa__400_400.png"", ""is_title"": false}, {""origin"": ""https://static.wanted.co.kr/images/company/90/qaczxtjdkmop3x0x__1080_790.png"", ""thumb"": ""https://static.wanted.co.kr/images/company/90/qaczxtjdkmop3x0x__400_400.png"", ""is_title"": false}, {""origin"": ""https://static.wanted.co.kr/images/company/90/qm8v5jqgdozvneqb__1080_790.png"", ""thumb"": ""https://static.wanted.co.kr/images/company/90/qm8v5jqgdozvneqb__400_400.png"", ""is_title"": false}, {""origin"": ""https://static.wanted.co.kr/images/company/90/d3yj0t2ehmckuicn__1080_790.png"", ""thumb"": ""https://static.wanted.co.kr/images/company/90/d3yj0t2ehmckuicn__400_400.png"", ""is_title"": false}, {""origin"": ""https://static.wanted.co.kr/images/company/90/dofxpmwu2lucnvyt__1080_790.png"", ""thumb"": ""https://static.wanted.co.kr/images/company/90/dofxpmwu2lucnvyt__400_400.png"", ""is_title"": false}, {""origin"": ""https://static.wanted.co.kr/images/company/90/ekfodgzgonidlgiu__1080_790.png"", ""thumb"": ""https://static.wanted.co.kr/images/company/90/ekfodgzgonidlgiu__400_400.png"", ""is_title"": false}, {""origin"": ""https://static.wanted.co.kr/images/company/90/sv5jmvz9hbxm5cyi__1080_790.png"", ""thumb"": ""https://static.wanted.co.kr/images/company/90/sv5jmvz9hbxm5cyi__400_400.png"", ""is_title"": false}]",3,100,https://www.wanted.co.kr/wd/360208?client_id=x7eN3AyKUtFUcR2WIUFbWYfS,,,,,,
354364,active,,조경 디자이너,"마초의사춘기는 창의적이고 혁신적인 공간 디자인을 통해 자연과 사람의 공존을 목표로 하는 회사입니다. 우리는 고객의 요구를 깊이 이해하고, 그에 맞는 지속가능한 공간 솔루션을 제공하는 데 주력하고 있습니다. 
1. 고객 중심의 디자인 철학: 고객의 요구와 기대를 최우선으로 고려하여 디자인을 진행합니다.
2. 혁신적인 디자인 솔루션: 최신 트렌드와 기술을 반영한 창의적인 디자인을 제공합니다.
3. 지속 가능한 디자인: 환경을 고려한 지속 가능한 디자인을 추구합니다.
공간 연출(스페이스) 디자이너로서, 당신은 다양한 공간을 창의적이고 실용적으로 설계하여 고객의 기대를 뛰어넘는 경험을 제공하게 될 것입니다. 마초의사춘기와 함께 당신의 디자인 역량을 발휘해 보세요.","• 조경에 대한 전문적인 지식을 바탕으로 조경 설계 및 식재 디자인, 현장 감리 수행
• 내/외부 조경 설계 또는 현장 시공을 맡아 자연 요소와 환경을 분석하여 창의적인 조경 디자인 구현
• 바이오필리아 컨셉에 기반한 실내외 플랜테리어 설계 및 식재 계획 수립
• 프로젝트 현장의 기후, 토양, 일조량 등 환경 조건 분석 및 적합한 수종 선정
• 기획된 공간 컨셉에 부합하는 조경 디자인 컨셉 설정, 제안서 및 시방서 작성
• 인테리어·전시 파트와 협업하여 공간 전체의 자연 요소 통합 디자인 수행
• 시공 현장 감리 및 식재 후 유지관리 가이드라인 수립
• 디자인을 구현해 내는 전 과정을 감리하며, 성과 분석 도출","• 최소 5년 이상의 조경 설계 및 시공 분야 경력이 있으신 분
• 디자인 관련 전공자
• CAD, SketchUp, Enscape, V-Ray 등 디자인 툴을 능숙하게 다룰 수 있는 분
• 식물에 대한 전문 지식(수종 특성, 생육 환경, 계절 변화 등)을 보유하신 분
• 포트폴리오를 통해 창의적이고 실용적인 디자인 능력을 갖추신 분
• 본인이 직접 기획하고 작업한 디자인 작품에 대하여 근거를 기반으로 5분 이상 프리젠테이션 하실 수 있는 분
• 자연기반의 바이오필리아 디자인에 대한 이해와 관심이 있는 분","• 바이오필리아 디자인 또는 플랜테리어 프로젝트 수행 경험이 있으신 분
• 상업 공간(리테일, F&B, 오피스 등)의 조경 설계 경험이 있으신 분
• 동료들과 의견 조율, 의논, 협업을 유연하게 풀어낼 수 있는 분
• 새로운것을 찾고 도전하여 성과를 만들어 내신 분
• 생활화되어 있는 리서치 정신을 바탕으로 새로운 아이디어를 창조해 내시는 분
• 조경 기사 또는 관련 자격증 보유자","• 자율 출퇴근(8시 ~ 10시내 출근)
• 생일자 반차 제공
• 개인형 법인카드 식대 20만원 제공
• 각종 경조사 지원","• 서류 전형
• 1차 면접
• 과제전형
• 2차 면접
• 최종 합격 통보",511,디자인,"[{""id"": 601, ""title"": ""인테리어 디자이너""}, {""id"": 606, ""title"": ""공간 디자이너""}, {""id"": 10129, ""title"": ""전시 디자이너""}]",[],39644,마초의사춘기,https://www.machos-sachunki.com/,5448701285,https://static.wanted.co.kr/images/wdes/0_4.c0a87b16.jpg,https://static.wanted.co.kr/images/wdes/0_5.c0a87b16.jpg,False,"PLANTS PLANT PLANTS
자연을 만드는건 자연이다.
우리는 과정을 콘텐츠로서
가장 멋지고,
재미있게
경험시켜 줄 뿐이다.

누구나 하는 예쁜 플랜테리어가 아닌 플랜테리어를 수단으로 공간에 맞는,
우리만의 감각과 경험을 선물하는 디자인을 선보이는 우리는 마초의사춘기 크루입니다.

식물을 통해 경험 디자인을 제공하고 공간의 가치를 올리는 다양한 업무를
자연과 식물을 사랑하는 디자이너와 기획자들이 함께 만들어가고 있습니다.","[{""id"": 9945, ""title"": ""출퇴근""}]",KR,"￦1,000,000","￦500,000","￦500,000",72043,한국,kr,서울,"서울 서초구 방배천로30길 6, 전층",,37.4886568,126.9864979,ROOFTOP,37.4900057802915,126.9878468802915,37.48730781970851,126.9851489197085,"[{""origin"": ""https://static.wanted.co.kr/images/company/39644/nrgzhl637kbvduut__1080_790.jpg"", ""thumb"": ""https://static.wanted.co.kr/images/company/39644/nrgzhl637kbvduut__400_400.jpg"", ""is_title"": true}, {""origin"": ""https://static.wanted.co.kr/images/company/39644/oeeggosyfgbgobk2__1080_790.jpg"", ""thumb"": ""https://static.wanted.co.kr/images/company/39644/oeeggosyfgbgobk2__400_400.jpg"", ""is_title"": false}, {""origin"": ""https://static.wanted.co.kr/images/company/39644/ui44jldqqyeuzui1__1080_790.jpg"", ""thumb"": ""https://static.wanted.co.kr/images/company/39644/ui44jldqqyeuzui1__400_400.jpg"", ""is_title"": false}, {""origin"": ""https://static.wanted.co.kr/images/company/39644/fjnlpadjs1pjgnlw__1080_790.jpg"", ""thumb"": ""https://static.wanted.co.kr/images/company/39644/fjnlpadjs1pjgnlw__400_400.jpg"", ""is_title"": false}]",3,15,https://www.wanted.co.kr/wd/354364?client_id=x7eN3AyKUtFUcR2WIUFbWYfS,,,,,,
374622,active,,DevOps Engineer,"Platform & Infrastructure 팀
서비스와 사내 업무 환경의 기술적 기반을 담당하는 팀입니다. 개발자 생산성 향상을 위한 도구 개발, 데이터 파이프라인 구축, 클라우드 인프라 운영, IT Admin 등을 수행합니다.

CI/CD 고도화와 테스트 자동화를 통해 안정적인 배포 환경을 제공하고, AWS와 Kubernetes 기반 인프라를 효율적으로 운영하여 서비스의 확장성과 안정성을 확보합니다.

또한 MDM, Okta, Google Workspace 등 사내 IT 시스템을 운영하며, 구성원이 안전하고 편리하게 업무할 수 있는 디바이스·계정·접근 관리 환경을 구축합니다.

Tech Stack
Frontend: React, TypeScript, Next.js, GraphQL
Backend: Java/Kotlin, Node.js, Spring Boot
Infrastructure: AWS, Kubernetes, Docker
Database: MongoDB, MySQL","1. Kubernetes 기반 클래스101 서비스 애플리케이션 운영 및 환경 표준화
-DevOps 문화와 클라우드 네이티브 기술을 접목하여 안정적인 서비스 운영과 표준화된 개발·운영 환경을 구축합니다.
-클라우드 환경에서 마이크로서비스 아키텍처를 지원하는 Kubernetes 클러스터를 설계·구축하고, 모니터링 및 성능 최적화를 수행합니다.
2. CI/CD 자동화 파이프라인 및 배포 도구 개발
-자동화된 빌드, 테스트, 카나리 배포 시스템을 구축하고, Kubernetes 환경에 최적화된 배포 도구를 설계하고 고도화합니다.
3. 모니터링, 로깅 및 알림 시스템 구축
-Grafana, Prometheus, ELK/EFK 스택 등 모니터링 및 로그 관리 도구를 활용하여 실시간 서비스 상태를 모니터링하고, 대시보드와 장애 알림 체계를 구축합니다.
4. DevOps 및 운영 자동화
-인프라 자동화 도구와 스크립트를 개발하여 반복적인 운영 업무를 자동화하고, 운영 효율성과 리소스 활용도를 높입니다.
5. 비용 최적화 및 클라우드 리소스 관리
-AWS 비용 효율화를 위한 아키텍처를 설계하고, 대용량 S3 및 스토리지 사용 현황을 분석하여 비용 최적화 전략을 수립합니다.
6. 사내 IT 인프라 및 디바이스 관리
-MDM 솔루션을 활용하여 업무용 Windows, macOS, iOS, Android 디바이스의 등록, 보안 정책, 애플리케이션 배포 및 컴플라이언스를 관리합니다.
-구성원의 입·퇴사 및 직무 변경에 따른 디바이스 지급·회수, 계정 생성·회수, 권한 변경 절차를 자동화하고 표준화합니다.
7. 계정 및 접근 권한 관리
-Okta, Google Workspace 등 사내 인증·협업 시스템을 운영하고, SSO, MFA, 디바이스 기반 접근 제어 및 애플리케이션별 권한 정책을 설계합니다.
-최소 권한 원칙에 따라 SaaS와 내부 시스템의 접근 권한을 관리하고, 계정 및 권한 현황을 정기적으로 점검합니다.
8. 사내 보안 및 IT 지원 체계 개선
-승인된 디바이스에서만 주요 업무 시스템에 접근할 수 있도록 보안 정책을 구축하고, 분실·도난·퇴사 등의 상황에서 계정과 디바이스를 신속하게 통제할 수 있는 체계를 운영합니다.
-구성원이 업무 중 겪는 계정, 디바이스, 네트워크 및 SaaS 관련 문제를 해결하고, 반복적으로 발생하는 문의는 문서화와 자동화를 통해 개선합니다.","• AWS 서비스 운영 경험 (3년 이상)
    - 클라우드 인프라 환경에서 서비스를 운영하고, 장애 및 성능 문제를 해결한 경험이 있는 분
    - AWS 리소스 최적화 및 대용량 S3 관리 경험이 있는 분
• 컨테이너 기반 서비스 구성 및 운영 경험
    - Docker와 Kubernetes, 특히 EKS를 활용하여 서비스를 구축하고 운영한 경험이 있는 분
• CI/CD 파이프라인 구축 경험
    - 자동화된 빌드, 테스트 및 배포 시스템을 설계하고 운영한 경험이 있는 분
• 모니터링 및 로그 관리 도구 경험
    - Grafana, Prometheus, ELK/EFK 스택 등 다양한 모니터링 도구를 활용한 시스템 운영 및 성능 분석 경험이 있는 분
• 사내 IT 시스템 운영 경험
    - MDM, IdP, SSO 또는 Google Workspace 등 사내 IT 시스템을 운영하거나 관리한 경험이 있는 분
    - 임직원 계정, 디바이스 및 SaaS 접근 권한의 전체 생명주기를 관리한 경험이 있는 분
• 문제 해결 및 커뮤니케이션 역량
    - 서비스 인프라와 사내 IT 환경에서 발생하는 문제를 구조적으로 분석하고, 기술적 배경이 다른 구성원과 원활하게 소통할 수 있는 분","• 서비스 메시 및 Istio 운영 경험
    - Istio를 비롯한 서비스 메시 기술을 활용하여 인프라를 관리한 경험이 있는 분
• 대규모 Kubernetes 클러스터 운영 경험
    - 수평적 확장이 가능한 컨테이너 오케스트레이션 시스템을 운영한 경험이 있는 분
• IaC(Infrastructure as Code) 도구 활용 경험
    - Ansible, Terraform 등을 활용하여 인프라를 자동화하고 관리한 경험이 있는 분
• MDM 및 Zero Trust 환경 구축 경험
    - Fleet, Microsoft Intune, Jamf 등 MDM 솔루션을 운영한 경험이 있는 분
    - Okta Device Assurance, Conditional Access 또는 디바이스 신뢰 기반 접근 제어 환경을 구축한 경험이 있는 분
• SaaS 및 계정 관리 자동화 경험
    - Okta, Google Workspace, Slack, GitHub 등 SaaS의 계정·그룹·권한 관리를 자동화한 경험이 있는 분
    - SCIM, SAML, OIDC 등 인증 및 프로비저닝 표준에 대한 이해가 있는 분
• 트러블슈팅 및 품질 개선 역량
    - 시스템 장애 대응과 성능 최적화를 통해 서비스 품질을 지속적으로 개선하는 분
• 오픈소스 컨테이너 및 IT 관리 기술에 대한 관심
    - 최신 컨테이너 생태계와 엔드포인트 관리, 인증·보안 기술 동향에 관심이 많고 관련 오픈소스 도구를 적극적으로 활용하는 분","#근무환경
* 완전자율근무제: 단, 팀/업무 특성에 따라 리드의 판단 아래 팀별 코어타임을 운영할 수 있습니다.

#휴가
* 1년차는 월 1일씩 휴가가 부여됩니다.
* 2년차부터는 15일이 기본 부여되며, 매년 1일씩 추가됩니다.
* 분 단위로 자유롭게 사용 가능합니다.
* 육아휴직 및 가족돌봄 휴가(무급) 제도 운영
* 연차 미사용분 보상 제도

#식사 및 간식
* 사내 푸드바에서 간식, 음료, 컵밥, 라면 등 무제한 제공
* 8시간 초과 근무 시 저녁식사 지원
* 주말 근무 시 점심/저녁 식사 제공
* 야근 시 안전한 귀가를 위한 교통비 지원

# 자기계발 지원
* 6,000개 이상의 클래스101 콘텐츠 무제한 수강 및 패밀리 구독권(가족 5인까지) 제공
* 업무 관련 도서 및 교육비 지원

#기타 지원
* 명절 선물 지원
* 각종 경조사 지원 및 상조 지원

#인재 추천 채용 보상금","• 서류 심사
• 직무 인터뷰(1:1로 1시간 진행)
• 컬쳐 인터뷰 (1:1로 1시간 진행)
• 레퍼런스 체크
• *컬처 인터뷰와 레퍼런스 체크는 병렬적으로 진행합니다.
• 모든 첨부 파일은 PDF로 제출해 주세요",518,개발,"[{""id"": 674, ""title"": ""DevOps / 시스템 관리자""}]",[],3257,클래스101(Class101),www.class101.net,4578100277,https://static.wanted.co.kr/images/wdes/0_5.141f0fad.png,https://static.wanted.co.kr/images/wdes/0_4.141f0fad.png,False,"세상에 없던 길을 만들어온 팀, CLASS101입니다.

2018년, 준비물까지 챙겨주는 온라인 취미 클래스에서 시작한 CLASS101은
이제 6,000개 이상의 콘텐츠와 업계 1위 Learning MAU를 기록한 크리에이터·지식교육 플랫폼으로 성장했습니다.
처음 우리는 “모두가 사랑하는 일을 하며 살 수 있도록”이라는 비전을 향해 달려왔고,
그 과정에서 수많은 크리에이터가 재능을 콘텐츠로 만들어 수익을 창출할 수 있는 길을 넓혀왔습니다.

하지만 세상은 다시 한 번 바뀌었습니다.
지금 사람들은 단순히 ‘취미’를 배우기 위해 CLASS101을 찾지 않습니다.
AI, 부업, 재테크, 커리어, 디자인, 마케팅…
모든 선택지의 근원에는 단 하나의 욕망이 있습니다.

“지금보다 더 나은 나, 더 나은 내일을 살고 싶다.”

우리는 다시 근본적인 질문으로 돌아왔습니다.
고객이 진짜 원하는 것은 단순히 강의를 듣는 경험이 아니라,
삶이 실제로 달라지는 결과라는 것을.

그래서 CLASS101은 ‘강의 판매’의 시대를 넘어서, 배움이 실제 변화로 이어지는 플랫폼을 만들고 있습니다.

-가볍게 시작해도 끝까지 이어지는 학습 경험
-단순 시청이 아니라 행동과 결과를 설계하는 제품
-나의 목표에 맞춘 개인화된 학습 여정
-세상의 변화를 가장 빠르게 포착한 크리에이터가 지식을 공급하는 생태계

우리가 만들고 싶은 세상은 명확합니다.
배우는 사람들이 진짜로 더 잘 살게 되는 세상.

그 변화의 여정을 담은 우리의 새로운 방향은 다음 한 문장으로 요약됩니다.

Learn to Live Better — 더 나은 삶을 살아가기 위해 배우는 사람들을 위한 플랫폼.

지금 CLASS101은 또 한 번의 Day 1을 맞이하고 있습니다.
배움을 팔던 시대에서 배움이 삶의 변화를 만들어내는 시대로 넘어가고 있습니다.
그리고 이 도전을 함께할, 문제를 근본부터 해결하는 동료를 기다립니다.","[{""id"": 9941, ""title"": ""가족""}, {""id"": 9944, ""title"": ""교육""}, {""id"": 9948, ""title"": ""보상""}, {""id"": 9956, ""title"": ""기타""}, {""id"": 10025, ""title"": ""연봉상위11~20%""}, {""id"": 10029, ""title"": ""51~300명""}, {""id"": 10035, ""title"": ""설립10년이상""}, {""id"": 10036, ""title"": ""퇴사율5%이하""}, {""id"": 10052, ""title"": ""누적투자100억이상""}]",KR,"￦1,000,000","￦500,000","￦500,000",38119,한국,kr,서울,"서울 강남구 도곡로 111, 미진빌딩 6/13층",,37.49012829999999,127.0326539,ROOFTOP,37.49147728029149,127.0340028802915,37.48877931970849,127.0313049197085,"[{""origin"": ""https://static.wanted.co.kr/images/company/3257/7zbft0zvmn3npkjy__1080_790.jpg"", ""thumb"": ""https://static.wanted.co.kr/images/company/3257/7zbft0zvmn3npkjy__400_400.jpg"", ""is_title"": true}]",3,8,https://www.wanted.co.kr/wd/374622?client_id=x7eN3AyKUtFUcR2WIUFbWYfS,,,,,,
374728,active,,멀웨어 분석가 (Malware Analyst),"2018년 9월에 설립된 S2W는 세계경제포럼(WEF)이 ‘100대 기술 선도기업’으로 선정한 ‘빅데이터 분석 AI 기업’입니다.
△공공ㆍ정부기관용 사이버안보 빅데이터 플랫폼 ‘자비스(XARVIS)’
△기업용 인텔리전스 플랫폼 ‘퀘이사(QUAXAR)’
△산업용 생성형 AI 플랫폼 ‘SAIP(S2W AI Platform)’ 등 ‘데이터 교차분석 기술’이 적용된 AI 기반 솔루션을 제공합니다.
이를 통해 국내외 다양한 산업군 및 정부기관 고객들에게 최적의 의사결정을 지원하는 고도의 데이터 인사이트를 제공하고 있습니다.
대표적으로 ‘인터폴(INTERPOL)’의 파트너사로서 국제안보 강화를 위해 공조하고 마이크로소프트(MS)의 ‘시큐리티 코파일럿(Copilot for Security)’과 협업하는 등, 차별화된 AI 및 데이터 기술력을 바탕으로 글로벌 시장의 주목을 받고 있습니다.



■ 합류하실 팀을 소개합니다.

• 위협 분석 파트는 국내외에서 ​발생하는 ​주요 사이버 ​위협을 분석하고 공격 ​그룹을 추적하여, ​정부 ​및 기업 ​고객에게 ​실질적인 ​대응이 가능한 Cyber ​Threat ​Intelligence를 제공합니다.
• 단순 악성코드 ​분석을 ​넘어 ​Threat Hunting, 공격 ​그룹 프로파일링, ​침해사고 ​대응, 분석 ​자동화 및 ​엔지니어링을 ​포함한 종합적인 위협 ​분석 업무를 ​수행합니다.
• AI/LLM 기반 기술을 분석 프로세스에 접목하여 분석 효율성과 정확도를 지속적으로 고도화하고 있습니다.
• 멀웨어 분석가는 이러한 분석 프로세스에 참여하여 실제 위협 분석 업무를 경험하고, 분석 역량을 체계적으로 성장시킬 수 있습니다.","• 악성코드 분석을 수행하여 악성코드의 기능과 동작 방식을 분석
• 국가 배후 APT 및 사이버 범죄 조직의 공격 캠페인을 추적하고 공격 흐름 및 연관성을 분석
• IOC 도출 및 탐지 룰(YARA, Snort/Suricata) 작성
• 위협 인텔리전스 보고서 작성 및 최신 공격 동향 연구
• AI/LLM 기반 분석 자동화 및 분석 프로세스 개선","• 악성코드 정적·동적 분석 및 리버스 엔지니어링 실무 경험을 3년 이상 하신 분
• Windows 또는 Linux 운영체제에 대한 이해가 있으신 분
• 네트워크 프로토콜(TCP/IP, HTTP, DNS 등) 및 공격 기법에 대한 이해가 있으신 분
• IDA Pro, Ghidra, x64dbg 등 주요 리버스 엔지니어링 도구 활용 경험이 있으신 분
• YARA 등 탐지 룰 작성 경험이 있으신 분
• 분석 결과를 문서화하고 기술 보고서 또는 위협 인텔리전스로 작성할 수 있는 능력을 보유하신 분
• 새로운 공격 기법 및 악성코드를 지속적으로 분석하고 학습하는 역량이 있으신 분","• APT 공격 그룹 또는 특정 캠페인 분석 경험이 있으신 분
• 침해사고 대응(IR), Threat Hunting 또는 DFIR 수행 경험이 있으신 분
• Go, Rust 등 다양한 언어로 개발된 악성코드 분석 경험이 있으신 분
• VirusTotal, Any.Run, Shodan 등 OSINT/CTI 플랫폼 활용 경험이 있으신 분
• AI/LLM 기반 분석 자동화 또는 리버스 엔지니어링 도구 활용 경험이 있으신 분
• 공개 분석 보고서, 기술 블로그, 오픈소스 프로젝트 등 대외 활동 경험이 있으신 분","■ 현직자의 한마디 : 저희와 함께 하시면 이런 장점이 있습니다!

• (성장 중심 문화) 팀에서 진행하는 분석 스터디와 회사에서 지원해주는 서적 및 강의를 통해 분석 역량을 강화할 수 있을 뿐만 아니라, 외부 컨퍼런스 참여 기회가 제공되어 최신 보안 기술 및 분석 기법을 습득할 수 있습니다.
• (팀 분위기) 팀 내 적극적인 피드백 문화 덕에 보고서 작성과 분석 관점에서 매번 많은 지식을 얻습니다. 또한, 매 월마다 진행하는 분석 리뷰를 팀원 간 지식을 공유하며, 다양한 분석 방법 및 도구를 자연스럽게 익힐 수 있습니다.
• (분석 역량) 기존 악성코드 또는 침해사고 분석 업무에서 보다 더 넓은 인사이트를 얻을 수 있는 좋은 곳이라고 생각됩니다. 저희는 하나의 악성코드 및 사고를 단순히 생각하지 않고 그 배후 조직을 찾기 위해 노력하고 있으며, 더 깊은 통찰력과 논리력을 바탕으로 위협 그룹 프로파일링을 수행하고 있습니다. 또한, 이에 대응하기 위해 실질적으로 행동 가능한 Item을 제공하고 있기 때문에 유의미한 정보를 발굴하는 과정에서 발전하는 자신을 확인할 수 있습니다.
• (대외 활동) 위협 분석 팀은 악성코드 및 공격 그룹을 분석하고 추적한 결과를 국내외 컨퍼런스에서 발표할 수 있도록 적극적으로 지원하고 있습니다.
• (성과) 국내 최고 수준의 분석가와 APT & CyberCrime 공격 그룹을 추적하여 유의미한 정보를 생산해내고, 국내외 수사기관과도 공조하여 안전한 사이버 세상을 위한 업무를 할 수 있습니다.
• (회사 복지) 정말 자율적인 근무를 경험할 수 있어요. 자율 출퇴근제, 재택 근무를 통해 언제든 내가 원하는 업무 시간과 장소를 선택할 수 있고, 대학원 진학 등 자기계발도 회사에서 적극적으로 권장하고 있습니다.


■ 저희 팀에서 사용하는 협업 툴은 아래와 같습니다.

• Reverse Engineering: IDA Pro, Ghidra, Binary Ninja, x64dbg
• Malware Analysis: PE-bear, Detect It Easy, Fiddler, Wireshark
• Scripting/Automation: Python
• Threat Intelligence: VirusTotal, ANY.RUN, Censys, Shodan, MITRE Framework
• Detection: YARA, Sigma, Snort/Suricata
• AI/LLM Tools: ida-pro-mcp, GhidrAssist, BinaryNinja Sidekick 등
• Communication: Notion, Slack, Git, JIRA, Google Workspace



■ 구성원들이 일에만 오롯이 집중할 수 있도록 이런 노력을 하고 있습니다.

• 일하는 장소와 시간을 언제든 자율적으로 선택할 수 있습니다. (완전 자율출근제 + 재택근무)
• 업무용 장비는 예산 내에서 원하시는 것을 지원하고, 3년 후 교체해 드립니다. 
• 수내역에서 도보 3분 거리의 넓은 신식 오피스, 180cm 책상 등 쾌적한 업무 환경을 지원합니다.
• 업무 관련 교육과 서적 구매를 지원합니다. 내부 스터디와 세미나도 활발히 이뤄지고 있어요!
• 먹는 데 돈 쓰지 마세요! 점심-저녁식사와 간식, 커피를 회사가 지원합니다.
• 공부, 취미, 어학 등에 필요한 자기개발 비용을 매년 240만원 지원합니다.
• 건강이 최우선! 지정 병원에서 매년 종합 건강검진을 지원합니다.
• 재직 1년 이상 구성원에게 1,000만원 한도의 무이자 사내 대출을 지원합니다.","• 서류 전형 : 협업 리더/ 실무진과 HR에서 함께 제출하신 내용을 검토합니다. 최대한 빠르게 피드백 드리기 위해 노력하고 있어요!
• 사전 과제 : 보다 깊이 있는 직무 인터뷰 진행을 위해, 서류 전형 합격자를 대상으로 사전 과제 평가를 진행합니다.
　※ 사전 과제 수행 기간은 1~2주일이며, 당락이 있습니다.
• 직무 인터뷰 : 이력서를 바탕으로 직무 담당 리더 및 실무진과 약 1시간 가량의 인터뷰를 진행합니다.
• 컬쳐 핏 인터뷰 : S2W의 인사 담당 리더와 진행하는 약 1시간 가량의 인터뷰 입니다. 회사와 지원자가 지향하는 비전과 가치가 잘 맞는지, 함께 성장할 수 있을지 판단하기 위해 진솔한 대화를 나누는 시간입니다. 
　※ 직군/경력에 따라 CEO 인터뷰가 추가될 수 있습니다.
• 처우 협의 및 입사 : 정식 오퍼 메일을 통해 처우 협의와 입사일을 조율하고, 모든 과정이 완료되면 저희 팀에  합류하시게 됩니다.",10566,정보보호,"[{""id"": 671, ""title"": ""보안 엔지니어""}, {""id"": 10571, ""title"": ""모의해킹/취약점 진단""}]",[],24602,에스투더블유(S2W),s2w.inc,6418800997,https://static.wanted.co.kr/images/wdes/0_4.9e83c6db.png,https://static.wanted.co.kr/images/wdes/0_5.9e83c6db.png,False,"※ 아래 내용은 PC에서 좀 더 편하게 보실 수 있습니다 :)



■ 빅데이터 분석 AI 기업, S2W
2018년 9월에 설립된 S2W는 세계경제포럼(WEF)이 ‘100대 기술 선도기업’으로 선정한 ‘빅데이터 분석 AI 기업’입니다.
△공공ㆍ정부기관용 사이버안보 빅데이터 플랫폼 ‘자비스(XARVIS)’
△기업용 인텔리전스 플랫폼 ‘퀘이사(QUAXAR)’
△산업용 생성형 AI 플랫폼 ‘SAIP(S2W AI Platform)’ 등 ‘데이터 교차분석 기술’이 적용된 AI 기반 솔루션을 제공합니다.
이를 통해 국내외 다양한 산업군 및 정부기관 고객들에게 최적의 의사결정을 지원하는 고도의 데이터 인사이트를 제공하고 있습니다.
대표적으로 ‘인터폴(INTERPOL)’의 파트너사로서 국제안보 강화를 위해 공조하고 마이크로소프트(MS)의 ‘시큐리티 코파일럿(Copilot for Security)’과 협업하는 등, 차별화된 AI 및 데이터 기술력을 바탕으로 글로벌 시장의 주목을 받고 있습니다.



■ 일터로서 S2W는 이런 강점이 있습니다.

일터로서 S2W의 강점은 구성원을 존중하고 자율성을 전적으로 신뢰하는 문화,
그리고 서로를 존중하며 어려운 문제를 해결할 수 있는 우수하고 유쾌한 동료들입니다.

구성원의 50% 가량이 카이스트 등에서 석ㆍ박사 학위를 취득한 전문가이며,
대기업부터 스타트업, 공공기관까지 다양한 배경과 경험을 가진 구성원들이 모여 있습니다.
5년 이상 경력자가 절반 이상으로 시니어-주니어 비율이 좋은 편이고,
단단한 팀워크를 가지고 있습니다. 



■ 만약 이런 것들을 선호하시는 분이라면, 꼭 함께 하고 싶습니다.

······ ① 어려운 목표를 세우고 도전하는 것이 나의 가치를 높인다고 믿는다.
······ ② 전폭적인 신뢰와 지원을 받을 때 더 일에 몰입할 수 있다.
······ ③ 새로운 기술들을 공부하고 다양한 시도를 해보는 것을 좋아한다.
······ ④ 다른 곳에서 접하기 어려운 유니크한 빅데이터를 다뤄보고 싶다.
······ ⑤ 전문성을 갖춘 동료들과 함께 더 좋은 방향을 찾는 걸 좋아한다.



■ 합류하신다면, 이런 환경에서 저희와 함께 일하시게 됩니다.

······ 원할 때 출퇴근하는 완전 자율 근무를 시행하고 있습니다. 재택 근무도 언제든 OK!
······ 업무용 장비는 예산 범위 내에서 원하시는 것을 최신 장비를 지원하고, 3년 후 교체해 드립니다.
······ 업무 관련 교육과 서적 구매를 지원합니다. 내부 스터디와 세미나도 활발히 이뤄지고 있어요!
······ 먹는 데 돈 쓰지 마세요! 점심-저녁식사와 간식, 커피를 회사에서 지원합니다. 
······ 공부, 취미, 어학 등에 필요한 자기개발 비용을 매년 240만원 지원합니다.
······ 재직기간 1년 이상의 구성원들에게 1,000만원 한도의 무이자 사내대출을 지원합니다.
······ 수내역 도보 3분 거리에 위치한 새 오피스, 180cm 책상, 휴식용 라운지 등 넓고 쾌적한 근무환경을 제공합니다.




■ 합류 과정은 이렇게 진행됩니다.

······ ① 서류 전형 : 협업 리더/ 실무진과 HR에서 함께 제출하신 내용을 검토합니다. 최대한 빠르게 피드백 드리기 위해 노력하고 있어요!
······ ② 사전 과제 : 보다 깊이 있는 직무 인터뷰 진행을 위해, 서류 전형 합격자를 대상으로 사전 과제 평가를 진행합니다. (사전 과제 수행 기간은 직군에 따라 1~2주일이며, 당락이 있습니다.)
······ ③ 직무 인터뷰 : 이력서를 바탕으로 직무 담당 리더 및 실무진과 약 1시간 가량의 인터뷰를 진행합니다. (직군/경력에 따라 CEO 인터뷰가 추가될 수 있습니다.)
······ ④ 컬쳐 핏 인터뷰 : S2W의 인사 담당 리더와 진행하는 약 1시간 가량의 인터뷰 입니다. 회사와 지원자가 지향하는 비전과 가치가 잘 맞는지, 함께 성장할 수 있을지 판단하기 위해 진솔한 대화를 나누는 시간입니다. 
······ ⑤ 처우 협의 및 입사 : 정식 오퍼 메일을 통해 처우 협의와 입사일을 조율하고, 모든 과정이 완료되면 저희 팀에  합류하시게 됩니다.","[{""id"": 9944, ""title"": ""교육""}, {""id"": 9945, ""title"": ""출퇴근""}, {""id"": 10024, ""title"": ""연봉상위6~10%""}, {""id"": 10029, ""title"": ""51~300명""}, {""id"": 10034, ""title"": ""설립4~9년""}, {""id"": 10036, ""title"": ""퇴사율5%이하""}]",KR,"￦1,000,000","￦500,000","￦500,000",27934,한국,kr,경기,"경기 성남시 분당구 황새울로 246, 도담빌딩 9층",,37.3802903,127.1155024,ROOFTOP,37.38163928029149,127.1168513802915,37.3789413197085,127.1141534197085,"[{""origin"": ""https://static.wanted.co.kr/images/company/24602/rd9oeb6bafpngjaq__1080_790.jpg"", ""thumb"": ""https://static.wanted.co.kr/images/company/24602/rd9oeb6bafpngjaq__400_400.jpg"", ""is_title"": true}, {""origin"": ""https://static.wanted.co.kr/images/company/24602/3nmwoborllebgmgr__1080_790.jpeg"", ""thumb"": ""https://static.wanted.co.kr/images/company/24602/3nmwoborllebgmgr__400_400.jpeg"", ""is_title"": false}, {""origin"": ""https://static.wanted.co.kr/images/company/24602/m46dawc0metpjdat__1080_790.jpg"", ""thumb"": ""https://static.wanted.co.kr/images/company/24602/m46dawc0metpjdat__400_400.jpg"", ""is_title"": false}, {""origin"": ""https://static.wanted.co.kr/images/company/24602/jvtqzeougdj3szhj__1080_790.jpg"", ""thumb"": ""https://static.wanted.co.kr/images/company/24602/jvtqzeougdj3szhj__400_400.jpg"", ""is_title"": false}, {""origin"": ""https://static.wanted.co.kr/images/company/24602/jl7e35pkyfhasnvg__1080_790.jpg"", ""thumb"": ""https://static.wanted.co.kr/images/company/24602/jl7e35pkyfhasnvg__400_400.jpg"", ""is_title"": false}]",3,8,https://www.wanted.co.kr/wd/374728?client_id=x7eN3AyKUtFUcR2WIUFbWYfS,,,,,,
349002,active,,Account Manager(광고 세일즈/BD),"| 합류하게 될 팀을 소개해요
• 번개장터 AM파트는 Business Development 직속 부서로, 광고 서비스와 신사업 세일즈, BD 역할을 아우르며 시장의 구조적 원인 파악과 고객의 문제 해결을 위해 주도적으로 서비스 딜리버리를 추진하는 세일즈 조직이에요.
• 이번 채용 포지션은 번개장터의 압도적인 트래픽과 고관여 유저 데이터를 무기로, 외부 대형 브랜드의 통합 마케팅 캠페인을 수주하고 전략적 파트너십을 이끌어갈 전문가를 모시고자 해요.
• 단순히 광고 구좌를 판매하는 것을 넘어 OTT, 금융, 엔터테인먼트 등 대형 클라이언트의 마케팅 KPI(CAC 최적화, ROI 극대화 등)를 깊이 있게 분석해요. 
• 이를 바탕으로 스플래시, 번개톡 챗봇, 홈 팝업 등 번개장터만의 프리미엄 매체를 결합한 최적의 미디어믹스를 제안하고, 대형 딜을 주도적으로 클로징하여 비즈니스 임팩트를 만들어내요.

| 이런 성장을 기대할 수 있어요
• 누적 가입자 2천만, DAU 100만 이상의 강력한 트래픽을 무기로, 내로라하는 글로벌/국내 Top 브랜드들의 대규모 마케팅 예산을 직접 움직여보는 폭발적인 성장을 경험할 수 있어요.
• 정형화된 배너 판매를 넘어 플랫폼의 UI/UX를 넘나드는 커스텀 캠페인을 기획하며, 시장을 읽는 눈과 최고 수준의 미디어 세일즈 역량을 기를 수 있어요.
• 초기 광고 사업의 스케일업 과정을 함께하며, 개인의 세일즈 성과가 회사의 매출 지표(Top-line) 성장으로 직결되는 압도적인 임팩트를 경험할 수 있어요.","[대형 어카운트 대상 통합 광고(Media) 세일즈]
• OTT, 금융, 게임, 소비재 등 핵심 산업군의 Top-tier 클라이언트 및 대행사(미디어렙사)를 발굴하고 전략적 B2B 세일즈를 주도해요.
• 고객의 마케팅 맥락과 Pain Point를 심층 분석하여, 단순 노출을 넘어선 커스텀 제안(참여형 인터랙션, 기획전 연계 등)을 기획하고 대형 광고 딜을 수주해요.

[데이터 기반 미디어믹스 및 CRM 퍼널 고도화]
• 리드 확보부터 피칭, 미디어믹스 설계, 단가 협상, 캠페인 라이브로 이어지는 전체 세일즈 퍼널을 체계적으로 관리해요.
• CRM 데이터를 기반으로 영업 전환율을 분석하고, 광고주의 핵심 지표(CPA, CAC, ROAS 등)를 역산하여 딜 클로징률을 극대화하는 세일즈 프레임워크를 고도화해요.

[신규 광고 상품 기획 및 비즈니스 개발(BD)]
• 클라이언트의 성과를 극대화하기 위해 '검색 이스터에그', '번개톡 챗봇 연동' 등 번개장터 플랫폼 특성에 맞는 신규 광고 상품/솔루션 도입을 기획해요.
• 유관 부서(광고 운영, PM, 디자인 등)와 긴밀하게 협업하여 시장의 VoC를 전달하고, 매체 경쟁력을 높이는 방향성에 기여해요.","• 5년 이상 8년 이하의 디지털 미디어 세일즈, 렙사(미디어렙), 혹은 플랫폼 광고 세일즈/BD 경력이 있으신 분
• 대형 어카운트(Direct 브랜드 혹은 종합/디지털 미디어 대행사)를 직접 핸들링하며, 복잡한 이해관계를 조율하고 주도적으로 캠페인을 수주해 본 경험이 있으신 분
• 영업을 감이 아닌 데이터로 접근하며, 클라이언트의 마케팅 지표(전환율, 획득 단가 등)를 분석해 논리적인 미디어믹스 전략을 수립할 수 있으신 분
• 세일즈 CRM 도구를 활용한 파이프라인 관리 역량이 있으며, 목표 지표 기반의 '숫자'로 퍼포먼스를 증명할 수 있으신 분
• 자사의 광고 상품을 매력적인 비즈니스 언어로 포장하고, 구조적인 사고를 바탕으로 프레젠테이션을 주도할 수 있으신 분","• 주요 미디어렙사(인크로스, 나스미디어 등) 및 대형 종합 광고 대행사와의 탄탄한 네트워킹을 보유하신 분
• 고관여 타겟 캠페인(OTT 콘텐츠 런칭, 증권사 신규 가입, 대작 게임 사전예약 등)의 풀퍼널 세일즈 및 업/크로스 셀링 경험이 있으신 분
• B2B 세일즈 프레임워크(MEDDPICC, SPIN 등)를 실제 광고 제안 및 수주 논리에 적용해 보신 분
• 중고거래 생태계 특성(고단가/서브컬처 중심의 1030 타겟)에 대한 높은 이해도를 바탕으로 번개장터만의 광고 세일즈 앵글을 고민해 보신 분","[최고의 환경에서 몰입하고 성장해요]
• 최적의 퍼포먼스를 위한 최신 고사양 업무 장비 지원 
• 개인과 팀의 성장을 위한 자기 계발비 및 무제한 도서 지원 (사내 도서관 운영)
• 개인의 라이프스타일에 맞춘 유연한 시차 출퇴근제 (8-11시 사이)

[에너지를 채우고 활력 넘치게 일해요]
• 든든한 하루를 위한 점심, 저녁 식대 지원
• 활력 충전을 위한 무제한 사내 스낵바 (건강 간식, 고급 원두커피 및 커피머신)

[건강한 몸과 마음으로 균형을 맞춰요]
• 나를 위한 리프레시, 매월 조기 퇴근권 (2시간)
• 재충전을 통해 업무 몰입을 위한 리프레시 휴가 및 휴가비 지원
• 소중한 구성원과 가족의 건강을 위한 본인 및 가족 1인 종합 건강검진 지원
• 삶의 중요한 순간을 함께 나누는 경조사 지원 (휴가 및 비용)
• 몸과 마음을 위한 휴게 공간 및 프로그램 (명상, 요가, 리클라이너 등)

[번개장터만의 특별함을 누려요]
• 구성원의 특별한 날을 축하하는 생일 조기 퇴근권 (2시간) 및 상품권
• 우리의 가치를 공유하고 경험하기 위한 번개 포인트 지급
• 즐거운 협업과 시너지를 위한 팀 빌딩비 지원 및 사내 동호회 운영
• 번개장터 IT 컨시어지 상품 최대 30만원 할인","[합류 여정]
서류 전형 ＞ 1차 인터뷰 ＞ 2차 인터뷰 ＞3차 인터뷰 ＞ 처우 협의 ＞ 최종 합격
      ※ 모든 인터뷰 전형 이후에 후보자 분의 동의를 받아 레퍼런스 체크가 진행될 수 있습니다.
      ※ 전형 절차는 일정 및 상황에 따라 일부 추가/생략될 수 있습니다. 

[지원 전 확인해주세요]
• 이력서는 자유 양식으로 지원해 주세요.
• 번개장터는 지원자의 역량을 최우선적으로 검토하고 있어요. 이력서 제출 시 직무와 무관한 사항 (구직자 본인의 용모ㆍ키ㆍ체중 등의 신체적 조건, 구직자 본인의 출신지역ㆍ혼인여부ㆍ재산, 직계 존비속 및 형제자매의 학력ㆍ직업ㆍ재산 등)과 연봉 정보는 삭제 후 지원 부탁 드립니다.
• 입사 후 적응을 위한 3개월의 수습기간이 있습니다.
• 입사지원서 기재사항이 사실과 다를 경우 합격이 취소될 수 있습니다.
• 국가유공자 및 장애인 등 취업보호대상자는 관계법령에 따라 우대합니다.
• 지원자가 제출 서류에 대한 삭제를 요청할 경우 이메일로 문의하시면 지체 없이 제출 서류를 파기합니다.",530,영업,"[{""id"": 768, ""title"": ""주요고객사 담당자""}]",[],90,번개장터,bunjang.co.kr,1138645836,https://static.wanted.co.kr/images/wdes/0_5.7acf0b1c.png,https://static.wanted.co.kr/images/wdes/0_4.7acf0b1c.png,False,"[브랜드 중고거래 플랫폼, 번개장터]
2011년 런칭 이후, ’세상 모든 물건에 가치를, 소비를 지속 가능하게’ 라는 비전을 바탕으로,
사용자들에게 쉽고, 빠르고, 안전한 중고거래 경험을 제공하며 꾸준히 성장하고 있습니다.

[Vision]
세상 모든 물건에 가치를,
소비를 지속가능하게 

[Mission]
쉽고, 매끄럽고, 신뢰할 수 있게 설계된 리커머스 경험","[{""id"": 9941, ""title"": ""가족""}, {""id"": 9945, ""title"": ""출퇴근""}, {""id"": 10024, ""title"": ""연봉상위6~10%""}, {""id"": 10029, ""title"": ""51~300명""}, {""id"": 10035, ""title"": ""설립10년이상""}, {""id"": 10036, ""title"": ""퇴사율5%이하""}]",KR,"￦1,000,000","￦500,000","￦500,000",4127,한국,kr,서울,"서울시 서초구 서초대로38길 12 마제스타시티 타워 2, 7층, 10층",,37.4904845,127.0056469,ROOFTOP,37.4918334802915,127.0069958802915,37.4891355197085,127.0042979197085,"[{""origin"": ""https://static.wanted.co.kr/images/company/90/ftsvpalidwiwfqbw__1080_790.png"", ""thumb"": ""https://static.wanted.co.kr/images/company/90/ftsvpalidwiwfqbw__400_400.png"", ""is_title"": true}, {""origin"": ""https://static.wanted.co.kr/images/company/90/c3gxnynbxpuvtqqd__1080_790.jpg"", ""thumb"": ""https://static.wanted.co.kr/images/company/90/c3gxnynbxpuvtqqd__400_400.jpg"", ""is_title"": false}, {""origin"": ""https://static.wanted.co.kr/images/company/90/uskxdd6efh8h0pns__1080_790.png"", ""thumb"": ""https://static.wanted.co.kr/images/company/90/uskxdd6efh8h0pns__400_400.png"", ""is_title"": false}, {""origin"": ""https://static.wanted.co.kr/images/company/90/4upakuskkxrpz03k__1080_790.jpg"", ""thumb"": ""https://static.wanted.co.kr/images/company/90/4upakuskkxrpz03k__400_400.jpg"", ""is_title"": false}, {""origin"": ""https://static.wanted.co.kr/images/company/90/9nrlxmcvktbsghoa__1080_790.png"", ""thumb"": ""https://static.wanted.co.kr/images/company/90/9nrlxmcvktbsghoa__400_400.png"", ""is_title"": false}, {""origin"": ""https://static.wanted.co.kr/images/company/90/qaczxtjdkmop3x0x__1080_790.png"", ""thumb"": ""https://static.wanted.co.kr/images/company/90/qaczxtjdkmop3x0x__400_400.png"", ""is_title"": false}, {""origin"": ""https://static.wanted.co.kr/images/company/90/qm8v5jqgdozvneqb__1080_790.png"", ""thumb"": ""https://static.wanted.co.kr/images/company/90/qm8v5jqgdozvneqb__400_400.png"", ""is_title"": false}, {""origin"": ""https://static.wanted.co.kr/images/company/90/d3yj0t2ehmckuicn__1080_790.png"", ""thumb"": ""https://static.wanted.co.kr/images/company/90/d3yj0t2ehmckuicn__400_400.png"", ""is_title"": false}, {""origin"": ""https://static.wanted.co.kr/images/company/90/dofxpmwu2lucnvyt__1080_790.png"", ""thumb"": ""https://static.wanted.co.kr/images/company/90/dofxpmwu2lucnvyt__400_400.png"", ""is_title"": false}, {""origin"": ""https://static.wanted.co.kr/images/company/90/ekfodgzgonidlgiu__1080_790.png"", ""thumb"": ""https://static.wanted.co.kr/images/company/90/ekfodgzgonidlgiu__400_400.png"", ""is_title"": false}, {""origin"": ""https://static.wanted.co.kr/images/company/90/sv5jmvz9hbxm5cyi__1080_790.png"", ""thumb"": ""https://static.wanted.co.kr/images/company/90/sv5jmvz9hbxm5cyi__400_400.png"", ""is_title"": false}]",5,8,https://www.wanted.co.kr/wd/349002?client_id=x7eN3AyKUtFUcR2WIUFbWYfS,,,,,,
367506,active,,Product Manager(Business Development),"| 합류하게 될 팀을 소개해요
• Vertical & Pro팀은 번개장터의 디지털 서비스 및 버티컬 비즈니스 확장을 이끄는 팀이에요. 
• 번개장터에는 단순 개인 간 거래 외에도 전문 사업자가 참여하는 매입, 위탁, 신규 거래 유형들이 생겨나고 있어요. Vertical & Pro팀은 이 영역에서 전문 사업자가 C2C 생태계를 보완할 수 있는 구조를 만들고, 이를 뒷받침하는 비즈니스 모델과 프로덕트를 설계·실행하는 역할을 해요.
• 지금 우리가 집중하고 있는 문제는 기존 프로상점 운영을 고도화하고, 전문 거래자 생태계를 확장하는 것이에요. 수익화 구조 설계부터 제품 기획, 출시, 성과 분석까지 End-to-End를 함께 리딩하며, 중고 거래 시장의 새로운 가능성을 열 동료를 기다립니다.

| 이런 성장을 기대할 수 있어요
• 누적 가입자 2천만, DAU 100만 트래픽을 가진 중고거래 플랫폼에서 더 좋은 서비스와 가치를 만들어 나가는 경험을 쌓을 수 있어요.
• C2C 플랫폼에 전문 사업자를 결합하는 구조를 직접 만들며, 다중 이해관계자를 아우르는 UX 설계 감각과 문제 해결 능력을 키울 수 있어요.
• 신규 비즈니스 모델을 밑바닥부터 설계하고 시장에서 직접 검증하며, 수익화 구조를 만들어가는 경험을 쌓을 수 있어요.","[전문 거래자 생태계 및 BM 기획]
• 전문 사업자(매입/판매 등) 대상 거래 지원 제품 전략을 수립하고 서비스를 구체화해요.
• C2C 외 거래 유형 확장에 따른 수익화 구조를 설계하고 BM을 검증해요.
• 전문 판매자, 개인 판매자, 매입 업자, 개인 구매자 등 다중 이해관계자의 User Journey를 정의하고 UX를 최적화해요.
• PRD 작성, 운영 정책 설계, 출시 후 성과 분석을 주도해요.

[프로젝트 매니징 및 협업]
• 가설 수립부터 MVP 검증, 서비스 확장까지 전 과정을 리딩해요.
• 개발·디자인·데이터·사업 조직과 긴밀하게 협업하여 요구사항을 정의하고, 우선순위 조정 및 이슈 대응을 담당해요.
• 외부 파트너(전문 사업자, 제휴처 등)와의 커뮤니케이션 및 정책 협의를 진행해요.","• 3년 이상 PM/PO 직무 경력을 보유하신 분
• 하나의 서비스나 기능을 문제 정의부터 출시, 성과 검증까지 직접 주도해 본 경험이 있으신 분 
• 사용자 경험과 비즈니스 성과를 함께 고려하여 서비스를 기획하고 운영해 본 경험이 있으신 분
• 복잡한 이해관계자가 얽힌 프로젝트에서 의사결정을 주도해 보신 분
• LLM, 생성형 AI 등 AI 도구를 실무에 적극 활용하거나, AI 기반 기능을 직접 기획·출시한 경험이 있으신 분","• 신규 서비스 또는 신규 기능의 런칭 및 성장 경험이 있으신 분
• 커머스 또는 마켓플레이스 플랫폼에서 BM 설계나 신규 거래 유형을 기획해 본 경험이 있으신 분
• 전문 사업자·파트너사 운영 또는 B2B 협업을 주도적으로 이끌어 본 경험이 있으신 분
• 수익화 과제를 직접 리드하고, 정량적인 지표로 성과를 검증해 본 경험이 있으신 분","[최고의 환경에서 몰입하고 성장해요]
• 최적의 퍼포먼스를 위한 최신 고사양 업무 장비 지원 
• 개인과 팀의 성장을 위한 자기 계발비 및 무제한 도서 지원 (사내 도서관 운영)
• 개인의 라이프스타일에 맞춘 유연한 시차 출퇴근제 (8-11시 사이)

[에너지를 채우고 활력 넘치게 일해요]
• 든든한 하루를 위한 점심, 저녁 식대 지원
• 활력 충전을 위한 무제한 사내 스낵바 (건강 간식, 고급 원두커피 및 커피머신)

[건강한 몸과 마음으로 균형을 맞춰요]
• 나를 위한 리프레시, 매월 조기 퇴근권 (2시간)
• 재충전을 통해 업무 몰입을 위한 리프레시 휴가 및 휴가비 지원
• 소중한 구성원과 가족의 건강을 위한 본인 및 가족 1인 종합 건강검진 지원
• 삶의 중요한 순간을 함께 나누는 경조사 지원 (휴가 및 비용)
• 몸과 마음을 위한 휴게 공간 및 프로그램

[번개장터만의 특별함을 누려요]
• 구성원의 특별한 날을 축하하는 생일 조기 퇴근권 (2시간) 및 상품권
• 우리의 가치를 공유하고 경험하기 위한 번개 포인트 지급
• 즐거운 협업과 시너지를 위한 팀 빌딩비 지원 및 사내 동호회 운영
• 번개장터 IT 컨시어지 상품 최대 30만원 할인","서류 전형 ＞ 1차 인터뷰 ＞ 2차 인터뷰 ＞3차 인터뷰 ＞ 처우협의 ＞ 최종 합격
      ※ 3차 인터뷰 전형에서는 후보자 분의 동의를 받아 레퍼런스 체크가 진행될 수 있습니다.
